t,x,y
0.000000E0,9.472599E-2,-1.368626E-3
3.330625E-2,9.441648E-2,-1.596159E-3
6.661251E-2,9.444587E-2,-1.587148E-3
9.991876E-2,9.461588E-2,-1.582603E-3
1.332250E-1,9.464303E-2,-1.578487E-3
1.665313E-1,9.467317E-2,-1.580201E-3
1.998375E-1,9.467690E-2,-1.572680E-3
2.331438E-1,9.462853E-2,-1.551898E-3
2.664500E-1,9.460675E-2,-1.544773E-3
2.997563E-1,9.457721E-2,-1.538157E-3
3.330625E-1,9.456804E-2,-1.532828E-3
3.663688E-1,9.458746E-2,-1.533572E-3
3.996750E-1,9.460485E-2,-1.533564E-3
4.329813E-1,9.459070E-2,-1.535468E-3
4.662876E-1,9.457364E-2,-1.536392E-3
4.995938E-1,9.456668E-2,-1.536272E-3
5.329001E-1,9.456800E-2,-1.509835E-3
5.662063E-1,9.460141E-2,-1.508099E-3
5.995126E-1,9.466853E-2,-1.497869E-3
6.328188E-1,9.484095E-2,-1.504424E-3
6.661251E-1,9.515401E-2,-1.512670E-3
6.994313E-1,9.561303E-2,-1.522792E-3
7.327376E-1,9.632887E-2,-1.532174E-3
7.660438E-1,9.677158E-2,-1.546708E-3
7.993501E-1,9.786158E-2,-1.550754E-3
8.326563E-1,9.982500E-2,-1.525683E-3
8.659626E-1,1.011977E-1,-1.537953E-3
8.992688E-1,1.018815E-1,-1.553157E-3
9.325751E-1,1.032352E-1,-1.571056E-3
9.658814E-1,1.053794E-1,-1.539016E-3
9.991876E-1,1.067735E-1,-1.498212E-3
1.032494E0,1.079881E-1,-1.516207E-3
1.065800E0,1.085580E-1,-1.543262E-3
1.099106E0,1.095707E-1,-1.587570E-3
1.132413E0,1.104769E-1,-1.608280E-3
1.165719E0,1.117103E-1,-1.604810E-3
1.199025E0,1.123457E-1,-1.594006E-3
1.232331E0,1.125823E-1,-1.585825E-3
1.265638E0,1.130751E-1,-1.600595E-3
1.298944E0,1.138752E-1,-1.593199E-3
1.332250E0,1.145764E-1,-1.571067E-3
1.365556E0,1.145824E-1,-1.580990E-3
1.398863E0,1.159497E-1,-1.559361E-3
1.432169E0,1.169359E-1,-1.532831E-3
1.465475E0,1.179623E-1,-1.521695E-3
1.498781E0,1.184751E-1,-1.514978E-3
1.532088E0,1.195129E-1,-1.507818E-3
1.565394E0,1.210617E-1,-1.468578E-3
1.598700E0,1.219758E-1,-1.420609E-3
1.632006E0,1.228059E-1,-1.388463E-3
1.665313E0,1.231818E-1,-1.348077E-3
1.698619E0,1.241755E-1,-1.274260E-3
1.731925E0,1.248105E-1,-1.236508E-3
1.765231E0,1.253432E-1,-1.179108E-3
1.798538E0,1.256007E-1,-1.164871E-3
1.831844E0,1.261235E-1,-1.133758E-3
1.865150E0,1.270233E-1,-1.043766E-3
1.898456E0,1.277432E-1,-1.004842E-3
1.931763E0,1.281410E-1,-9.996296E-4
1.965069E0,1.289277E-1,-9.515073E-4
1.998375E0,1.300722E-1,-9.421090E-4
2.031681E0,1.308666E-1,-9.457750E-4
2.064988E0,1.316741E-1,-9.539535E-4
2.098294E0,1.320760E-1,-9.652278E-4
2.131600E0,1.327980E-1,-9.895957E-4
2.164906E0,1.334964E-1,-1.053993E-3
2.198213E0,1.339171E-1,-1.105437E-3
2.231519E0,1.344343E-1,-1.132250E-3
2.264825E0,1.347521E-1,-1.143159E-3
2.298131E0,1.357250E-1,-1.194449E-3
2.331438E0,1.363612E-1,-1.236268E-3
2.364744E0,1.369884E-1,-1.277965E-3
2.398050E0,1.373218E-1,-1.279329E-3
2.431357E0,1.380466E-1,-1.300439E-3
2.464663E0,1.391968E-1,-1.319720E-3
2.497969E0,1.398140E-1,-1.342564E-3
2.531275E0,1.403171E-1,-1.375753E-3
2.564582E0,1.405393E-1,-1.375025E-3
2.597888E0,1.412602E-1,-1.384197E-3
2.631194E0,1.418540E-1,-1.371655E-3
2.664500E0,1.424529E-1,-1.375872E-3
2.697807E0,1.429570E-1,-1.374705E-3
2.731113E0,1.434314E-1,-1.376215E-3
2.764419E0,1.438727E-1,-1.376618E-3
2.797725E0,1.441526E-1,-1.373301E-3
2.831032E0,1.449414E-1,-1.290309E-3
2.864338E0,1.453931E-1,-1.241820E-3
2.897644E0,1.458755E-1,-1.211939E-3
2.930950E0,1.461357E-1,-1.164366E-3
2.964257E0,1.467043E-1,-1.104507E-3
2.997563E0,1.476375E-1,-1.040745E-3
3.030869E0,1.481927E-1,-1.002211E-3
3.064175E0,1.484268E-1,-9.863046E-4
3.097482E0,1.489170E-1,-9.668687E-4
3.130788E0,1.497007E-1,-9.653648E-4
3.164094E0,1.502293E-1,-9.892110E-4
3.197400E0,1.506279E-1,-1.006378E-3
3.230707E0,1.508114E-1,-1.033573E-3
3.264013E0,1.511937E-1,-1.060735E-3
3.297319E0,1.519479E-1,-1.126265E-3
3.330625E0,1.525319E-1,-1.155384E-3
3.363932E0,1.530422E-1,-1.184174E-3
3.397238E0,1.532162E-1,-1.205682E-3
3.430544E0,1.534925E-1,-1.298941E-3
3.463850E0,1.538043E-1,-1.372511E-3
3.497157E0,1.543785E-1,-1.423056E-3
3.530463E0,1.547370E-1,-1.445744E-3
3.563769E0,1.553957E-1,-1.481245E-3
3.597075E0,1.560907E-1,-1.540374E-3
3.630382E0,1.564664E-1,-1.570576E-3
3.663688E0,1.566627E-1,-1.614363E-3
3.696994E0,1.571445E-1,-1.648967E-3
3.730300E0,1.577813E-1,-1.681875E-3
3.763607E0,1.580360E-1,-1.683463E-3
3.796913E0,1.583185E-1,-1.681632E-3
3.830219E0,1.584981E-1,-1.685492E-3
3.863525E0,1.590011E-1,-1.667075E-3
3.896832E0,1.601145E-1,-1.619520E-3
3.930138E0,1.607023E-1,-1.548017E-3
3.963444E0,1.611165E-1,-1.484349E-3
3.996750E0,1.612654E-1,-1.439849E-3
4.030057E0,1.617249E-1,-1.368513E-3
4.063363E0,1.621804E-1,-1.330383E-3
4.096669E0,1.624973E-1,-1.226757E-3
4.129975E0,1.626609E-1,-1.191320E-3
4.163282E0,1.630963E-1,-1.133432E-3
4.196588E0,1.634931E-1,-1.072348E-3
4.229894E0,1.642494E-1,-1.013216E-3
4.263200E0,1.646453E-1,-9.456336E-4
4.296507E0,1.647818E-1,-9.217647E-4
4.329813E0,1.651319E-1,-9.069058E-4
4.363119E0,1.655153E-1,-9.004227E-4
4.396425E0,1.661864E-1,-9.158476E-4
4.429732E0,1.665777E-1,-9.425802E-4
4.463038E0,1.666981E-1,-9.623031E-4
4.496344E0,1.669857E-1,-9.921616E-4
4.529650E0,1.675118E-1,-1.047652E-3
4.562957E0,1.680290E-1,-1.097498E-3
4.596263E0,1.685126E-1,-1.132462E-3
4.629569E0,1.687049E-1,-1.149550E-3
4.662876E0,1.687486E-1,-1.185566E-3
4.696182E0,1.689066E-1,-1.243301E-3
4.729488E0,1.693623E-1,-1.316968E-3
4.762794E0,1.700932E-1,-1.362163E-3
4.796101E0,1.706252E-1,-1.364681E-3
4.829407E0,1.709421E-1,-1.376988E-3
4.862713E0,1.711251E-1,-1.395079E-3
4.896019E0,1.713348E-1,-1.449064E-3
4.929326E0,1.717674E-1,-1.457044E-3
4.962632E0,1.720247E-1,-1.451338E-3
4.995938E0,1.723320E-1,-1.414690E-3
5.029244E0,1.725041E-1,-1.394781E-3
5.062551E0,1.727056E-1,-1.385930E-3
5.095857E0,1.728722E-1,-1.388461E-3
5.129163E0,1.734287E-1,-1.375670E-3
5.162469E0,1.742262E-1,-1.291013E-3
5.195776E0,1.744562E-1,-1.233342E-3
5.229082E0,1.745834E-1,-1.170399E-3
5.262388E0,1.746428E-1,-1.140480E-3
5.295694E0,1.748634E-1,-1.087381E-3
5.329001E0,1.754458E-1,-1.033223E-3
5.362307E0,1.757227E-1,-9.599289E-4
5.395613E0,1.758772E-1,-9.415659E-4
5.428919E0,1.760943E-1,-8.914338E-4
5.462226E0,1.765014E-1,-8.355782E-4
5.495532E0,1.768405E-1,-8.073596E-4
5.528838E0,1.770278E-1,-7.660003E-4
5.562144E0,1.771166E-1,-7.589850E-4
5.595451E0,1.773222E-1,-7.469413E-4
5.628757E0,1.777480E-1,-7.605937E-4
5.662063E0,1.780914E-1,-7.843171E-4
5.695369E0,1.783146E-1,-7.913504E-4
5.728676E0,1.783834E-1,-7.997999E-4
5.761982E0,1.785988E-1,-8.300761E-4
5.795288E0,1.788876E-1,-8.695736E-4
5.828594E0,1.792823E-1,-9.016945E-4
5.861901E0,1.794551E-1,-9.090499E-4
5.895207E0,1.796176E-1,-9.088117E-4
5.928513E0,1.796154E-1,-9.833246E-4
5.961819E0,1.797291E-1,-1.075465E-3
5.995126E0,1.801168E-1,-1.113910E-3
6.028432E0,1.803969E-1,-1.113975E-3
6.061738E0,1.808310E-1,-1.130506E-3
6.095044E0,1.810319E-1,-1.172876E-3
6.128351E0,1.810332E-1,-1.191200E-3
6.161657E0,1.811653E-1,-1.231842E-3
6.194963E0,1.813212E-1,-1.261008E-3
6.228269E0,1.817089E-1,-1.290450E-3
6.261576E0,1.819442E-1,-1.288883E-3
6.294882E0,1.819784E-1,-1.299631E-3
6.328188E0,1.819960E-1,-1.306743E-3
6.361494E0,1.821813E-1,-1.315923E-3
6.394801E0,1.827649E-1,-1.307209E-3
6.428107E0,1.830242E-1,-1.260161E-3
6.461413E0,1.831144E-1,-1.201541E-3
6.494719E0,1.831322E-1,-1.187780E-3
6.528026E0,1.831537E-1,-1.163795E-3
6.561332E0,1.834827E-1,-1.100860E-3
6.594638E0,1.837345E-1,-1.086467E-3
6.627944E0,1.838180E-1,-1.026382E-3
6.661251E0,1.839735E-1,-9.836647E-4
6.694557E0,1.840986E-1,-9.443088E-4
6.727863E0,1.843019E-1,-9.166392E-4
6.761169E0,1.844724E-1,-8.714246E-4
6.794476E0,1.845693E-1,-8.288156E-4
6.827782E0,1.846512E-1,-7.931362E-4
6.861088E0,1.847932E-1,-7.883293E-4
6.894394E0,1.848975E-1,-7.909710E-4
6.927701E0,1.851820E-1,-7.945588E-4
6.961007E0,1.852792E-1,-8.062077E-4
6.994313E0,1.852881E-1,-8.144421E-4
7.027620E0,1.853093E-1,-8.264321E-4
7.060926E0,1.855970E-1,-8.504918E-4
7.094232E0,1.858315E-1,-8.720260E-4
7.127538E0,1.859419E-1,-8.865004E-4
7.160845E0,1.859687E-1,-8.953916E-4
7.194151E0,1.859544E-1,-9.233111E-4
7.227457E0,1.860520E-1,-9.805861E-4
7.260763E0,1.862952E-1,-9.872908E-4
7.294070E0,1.865540E-1,-9.935191E-4
7.327376E0,1.866649E-1,-1.008706E-3
7.360682E0,1.866660E-1,-1.042359E-3
7.393988E0,1.866330E-1,-1.085688E-3
7.427295E0,1.866985E-1,-1.134593E-3
7.460601E0,1.868596E-1,-1.144953E-3
7.493907E0,1.869940E-1,-1.148027E-3
7.527213E0,1.870192E-1,-1.152270E-3
7.560520E0,1.870092E-1,-1.153797E-3
7.593826E0,1.870241E-1,-1.168429E-3
7.627132E0,1.871837E-1,-1.153860E-3
7.660438E0,1.873606E-1,-1.139118E-3
7.693745E0,1.874196E-1,-1.126912E-3
7.727051E0,1.874365E-1,-1.125835E-3
7.760357E0,1.874116E-1,-1.111181E-3
7.793663E0,1.874366E-1,-1.094843E-3
7.826970E0,1.875509E-1,-1.072859E-3
7.860276E0,1.876443E-1,-1.058850E-3
7.893582E0,1.876503E-1,-1.058715E-3
7.926888E0,1.876443E-1,-1.055573E-3
7.960195E0,1.876568E-1,-1.016652E-3
7.993501E0,1.876980E-1,-9.575662E-4
8.026807E0,1.877747E-1,-9.296405E-4
8.060113E0,1.877963E-1,-9.076694E-4
8.093420E0,1.877998E-1,-8.969665E-4
8.126726E0,1.878230E-1,-8.680305E-4
8.160032E0,1.878329E-1,-8.649868E-4
8.193338E0,1.878424E-1,-8.650149E-4
8.226645E0,1.878517E-1,-8.687574E-4
8.259951E0,1.878573E-1,-8.751522E-4
8.293257E0,1.878444E-1,-8.868425E-4
8.326563E0,1.878355E-1,-8.973385E-4
8.359870E0,1.878408E-1,-9.072476E-4
8.393176E0,1.878343E-1,-9.171652E-4
8.426482E0,1.878384E-1,-9.547322E-4
8.459788E0,1.878314E-1,-9.678434E-4
8.493095E0,1.878241E-1,-9.701296E-4
8.526401E0,1.878160E-1,-9.951013E-4
8.559707E0,1.878125E-1,-1.021349E-3
8.593013E0,1.878048E-1,-1.050792E-3
8.626320E0,1.878008E-1,-1.102879E-3
8.659626E0,1.877793E-1,-1.131355E-3
8.692932E0,1.877738E-1,-1.147924E-3
8.726238E0,1.877678E-1,-1.186981E-3
8.759545E0,1.877742E-1,-1.196065E-3
8.792851E0,1.877762E-1,-1.208249E-3
8.826157E0,1.877547E-1,-1.215603E-3
8.859463E0,1.877063E-1,-1.198796E-3
8.892770E0,1.876845E-1,-1.183413E-3
8.926076E0,1.877005E-1,-1.176658E-3
8.959382E0,1.877234E-1,-1.175501E-3
8.992688E0,1.877145E-1,-1.157347E-3
9.025995E0,1.876743E-1,-1.147941E-3
9.059301E0,1.876324E-1,-1.122976E-3
9.092607E0,1.875795E-1,-1.110545E-3
9.125913E0,1.875706E-1,-1.103819E-3
9.159220E0,1.875617E-1,-1.095434E-3
9.192526E0,1.875405E-1,-1.080281E-3
9.225832E0,1.874313E-1,-1.025631E-3
9.259139E0,1.873482E-1,-9.665114E-4
9.292445E0,1.873239E-1,-9.275526E-4
9.325751E0,1.873257E-1,-8.944182E-4
9.359057E0,1.873145E-1,-8.803891E-4
9.392364E0,1.872503E-1,-8.246619E-4
9.425670E0,1.870405E-1,-7.354058E-4
9.458976E0,1.869756E-1,-7.092053E-4
9.492282E0,1.869733E-1,-7.039844E-4
9.525589E0,1.869660E-1,-6.917606E-4
9.558895E0,1.868970E-1,-6.899380E-4
9.592201E0,1.866173E-1,-6.601897E-4
9.625507E0,1.864796E-1,-6.719730E-4
9.658814E0,1.864657E-1,-6.858647E-4
9.692120E0,1.864926E-1,-7.025446E-4
9.725426E0,1.864956E-1,-7.082928E-4
9.758732E0,1.862238E-1,-7.390149E-4
9.792039E0,1.859031E-1,-7.690755E-4
9.825345E0,1.857174E-1,-8.327941E-4
9.858651E0,1.857039E-1,-8.761116E-4
9.891957E0,1.858006E-1,-9.251907E-4
9.925264E0,1.856932E-1,-9.446532E-4
9.958570E0,1.853552E-1,-9.931763E-4
9.991876E0,1.850888E-1,-1.101567E-3
1.002518E1,1.850482E-1,-1.137029E-3
1.005849E1,1.850883E-1,-1.188474E-3
1.009179E1,1.851080E-1,-1.259414E-3
1.012510E1,1.848279E-1,-1.276684E-3
1.015841E1,1.844459E-1,-1.335797E-3
1.019171E1,1.843115E-1,-1.410056E-3
1.022502E1,1.841728E-1,-1.453630E-3
1.025833E1,1.842194E-1,-1.461705E-3
1.029163E1,1.841448E-1,-1.457576E-3
1.032494E1,1.840196E-1,-1.440243E-3
1.035824E1,1.836999E-1,-1.427364E-3
1.039155E1,1.834196E-1,-1.430567E-3
1.042486E1,1.833977E-1,-1.418138E-3
1.045816E1,1.832981E-1,-1.333525E-3
1.049147E1,1.830263E-1,-1.286831E-3
1.052478E1,1.828801E-1,-1.283520E-3
1.055808E1,1.826115E-1,-1.229017E-3
1.059139E1,1.825396E-1,-1.148983E-3
1.062469E1,1.823974E-1,-1.070211E-3
1.065800E1,1.822697E-1,-1.039302E-3
1.069131E1,1.819757E-1,-9.408045E-4
1.072461E1,1.817289E-1,-8.728381E-4
1.075792E1,1.817285E-1,-8.451052E-4
1.079123E1,1.815796E-1,-7.801605E-4
1.082453E1,1.812526E-1,-7.089619E-4
1.085784E1,1.808391E-1,-6.868891E-4
1.089114E1,1.806461E-1,-6.922416E-4
1.092445E1,1.807018E-1,-6.954598E-4
1.095776E1,1.807551E-1,-6.769889E-4
1.099106E1,1.807113E-1,-6.914866E-4
1.102437E1,1.803060E-1,-6.811484E-4
1.105768E1,1.794813E-1,-7.426719E-4
1.109098E1,1.792476E-1,-8.240056E-4
1.112429E1,1.792685E-1,-8.731848E-4
1.115759E1,1.792867E-1,-8.981574E-4
1.119090E1,1.789767E-1,-9.593063E-4
1.122421E1,1.784700E-1,-1.029694E-3
1.125751E1,1.781581E-1,-1.150230E-3
1.129082E1,1.781154E-1,-1.228132E-3
1.132413E1,1.781140E-1,-1.265841E-3
1.135743E1,1.779130E-1,-1.330621E-3
1.139074E1,1.774302E-1,-1.380249E-3
1.142404E1,1.769070E-1,-1.420136E-3
1.145735E1,1.767191E-1,-1.467352E-3
1.149066E1,1.765425E-1,-1.547641E-3
1.152396E1,1.764608E-1,-1.561755E-3
1.155727E1,1.761978E-1,-1.530186E-3
1.159058E1,1.759854E-1,-1.513716E-3
1.162388E1,1.755630E-1,-1.507428E-3
1.165719E1,1.750884E-1,-1.493249E-3
1.169050E1,1.748899E-1,-1.452471E-3
1.172380E1,1.746484E-1,-1.363367E-3
1.175711E1,1.744777E-1,-1.311878E-3
1.179041E1,1.741158E-1,-1.227342E-3
1.182372E1,1.738501E-1,-1.173417E-3
1.185703E1,1.735015E-1,-1.087450E-3
1.189033E1,1.731753E-1,-9.800713E-4
1.192364E1,1.729652E-1,-9.450882E-4
1.195695E1,1.725322E-1,-8.639993E-4
1.199025E1,1.722192E-1,-7.777461E-4
1.202356E1,1.720273E-1,-7.297312E-4
1.205686E1,1.716545E-1,-6.953868E-4
1.209017E1,1.713906E-1,-6.377922E-4
1.212348E1,1.706197E-1,-5.823723E-4
1.215678E1,1.704390E-1,-5.912371E-4
1.219009E1,1.705167E-1,-5.922649E-4
1.222340E1,1.705373E-1,-5.934400E-4
1.225670E1,1.702501E-1,-6.073500E-4
1.229001E1,1.691542E-1,-6.578514E-4
1.232331E1,1.684762E-1,-7.595130E-4
1.235662E1,1.681624E-1,-8.655498E-4
1.238993E1,1.681101E-1,-9.166036E-4
1.242323E1,1.679347E-1,-1.003592E-3
1.245654E1,1.674775E-1,-1.067588E-3
1.248985E1,1.668747E-1,-1.160088E-3
1.252315E1,1.666985E-1,-1.221401E-3
1.255646E1,1.664647E-1,-1.358220E-3
1.258976E1,1.662727E-1,-1.456211E-3
1.262307E1,1.658951E-1,-1.446659E-3
1.265638E1,1.651867E-1,-1.460601E-3
1.268968E1,1.648401E-1,-1.503212E-3
1.272299E1,1.642692E-1,-1.563812E-3
1.275630E1,1.638730E-1,-1.575328E-3
1.278960E1,1.636967E-1,-1.531623E-3
1.282291E1,1.632672E-1,-1.449735E-3
1.285621E1,1.627286E-1,-1.426883E-3
1.288952E1,1.622764E-1,-1.408355E-3
1.292283E1,1.618342E-1,-1.380196E-3
1.295613E1,1.614820E-1,-1.313924E-3
1.298944E1,1.610354E-1,-1.148127E-3
1.302275E1,1.605334E-1,-1.054654E-3
1.305605E1,1.603172E-1,-1.001765E-3
1.308936E1,1.598366E-1,-9.143856E-4
1.312266E1,1.594456E-1,-8.415065E-4
1.315597E1,1.589914E-1,-7.252780E-4
1.318928E1,1.584058E-1,-6.331913E-4
1.322258E1,1.581533E-1,-5.960015E-4
1.325589E1,1.576315E-1,-5.264871E-4
1.328920E1,1.573221E-1,-5.129871E-4
1.332250E1,1.568565E-1,-4.932888E-4
1.335581E1,1.565611E-1,-4.880281E-4
1.338911E1,1.559036E-1,-4.787626E-4
1.342242E1,1.552721E-1,-5.211450E-4
1.345573E1,1.552122E-1,-5.838739E-4
1.348903E1,1.549448E-1,-6.647924E-4
1.352234E1,1.547104E-1,-6.984366E-4
1.355565E1,1.540317E-1,-7.491789E-4
1.358895E1,1.529328E-1,-9.080714E-4
1.362226E1,1.524482E-1,-1.035430E-3
1.365556E1,1.522920E-1,-1.075022E-3
1.368887E1,1.519624E-1,-1.167420E-3
1.372218E1,1.511938E-1,-1.268314E-3
1.375548E1,1.505991E-1,-1.369871E-3
1.378879E1,1.503716E-1,-1.436662E-3
1.382210E1,1.500712E-1,-1.501206E-3
1.385540E1,1.496365E-1,-1.588500E-3
1.388871E1,1.491216E-1,-1.601664E-3
1.392201E1,1.483450E-1,-1.588597E-3
1.395532E1,1.479567E-1,-1.580373E-3
1.398863E1,1.473238E-1,-1.580805E-3
1.402193E1,1.467043E-1,-1.561801E-3
1.405524E1,1.463304E-1,-1.477927E-3
1.408855E1,1.458456E-1,-1.359983E-3
1.412185E1,1.455614E-1,-1.312907E-3
1.415516E1,1.449352E-1,-1.226050E-3
1.418846E1,1.444768E-1,-1.189865E-3
1.422177E1,1.440423E-1,-1.118649E-3
1.425508E1,1.437842E-1,-1.048578E-3
1.428838E1,1.431964E-1,-9.286668E-4
1.432169E1,1.424029E-1,-7.924602E-4
1.435500E1,1.419259E-1,-7.675413E-4
1.438830E1,1.413969E-1,-7.409940E-4
1.442161E1,1.408922E-1,-6.795198E-4
1.445491E1,1.405993E-1,-6.671326E-4
1.448822E1,1.398882E-1,-6.584439E-4
1.452153E1,1.395066E-1,-6.994978E-4
1.455483E1,1.390186E-1,-7.453729E-4
1.458814E1,1.387103E-1,-7.568224E-4
1.462145E1,1.380127E-1,-7.795142E-4
1.465475E1,1.369477E-1,-8.439239E-4
1.468806E1,1.365050E-1,-9.213496E-4
1.472136E1,1.362420E-1,-1.048566E-3
1.475467E1,1.360677E-1,-1.074723E-3
1.478798E1,1.354846E-1,-1.130513E-3
1.482128E1,1.343435E-1,-1.206980E-3
1.485459E1,1.336107E-1,-1.300897E-3
1.488790E1,1.330218E-1,-1.412584E-3
1.492120E1,1.325371E-1,-1.479253E-3
1.495451E1,1.319248E-1,-1.485069E-3
1.498781E1,1.311968E-1,-1.463931E-3
1.502112E1,1.304973E-1,-1.443352E-3
1.505443E1,1.299725E-1,-1.480217E-3
1.508773E1,1.297805E-1,-1.532189E-3
1.512104E1,1.293119E-1,-1.548385E-3
1.515435E1,1.282857E-1,-1.461526E-3
1.518765E1,1.273380E-1,-1.360984E-3
1.522096E1,1.263913E-1,-1.291405E-3
1.525426E1,1.259594E-1,-1.267475E-3
1.528757E1,1.252024E-1,-1.239287E-3
1.532088E1,1.241834E-1,-1.137957E-3
1.535418E1,1.234560E-1,-1.021324E-3
1.538749E1,1.230821E-1,-9.463714E-4
1.542080E1,1.224030E-1,-8.691491E-4
1.545410E1,1.214417E-1,-8.525062E-4
1.548741E1,1.206767E-1,-8.313492E-4
1.552071E1,1.198460E-1,-7.672806E-4
1.555402E1,1.193614E-1,-7.390600E-4
1.558733E1,1.183682E-1,-7.006843E-4
1.562063E1,1.170097E-1,-7.455837E-4
1.565394E1,1.160581E-1,-8.029300E-4
1.568725E1,1.151199E-1,-8.229751E-4
1.572055E1,1.146640E-1,-8.410639E-4
1.575386E1,1.132862E-1,-8.604883E-4
1.578716E1,1.124855E-1,-9.000663E-4
1.582047E1,1.117281E-1,-1.018086E-3
1.585378E1,1.113079E-1,-1.049225E-3
1.588708E1,1.104156E-1,-1.133278E-3
1.592039E1,1.089102E-1,-1.170389E-3
1.595370E1,1.078833E-1,-1.226726E-3
1.598700E1,1.070538E-1,-1.283410E-3
1.602031E1,1.062355E-1,-1.317694E-3
1.605361E1,1.057807E-1,-1.341490E-3
1.608692E1,1.047486E-1,-1.337579E-3
1.612023E1,1.036249E-1,-1.301013E-3
1.615353E1,1.030548E-1,-1.282056E-3
1.618684E1,1.013190E-1,-1.256549E-3
1.622015E1,1.002094E-1,-1.240171E-3
1.625345E1,9.902988E-2,-1.181333E-3
1.628676E1,9.774890E-2,-1.086585E-3
1.632006E1,9.713537E-2,-1.052616E-3
1.635337E1,9.551269E-2,-9.618219E-4
1.638668E1,9.475251E-2,-9.495460E-4
1.641998E1,9.419232E-2,-9.216715E-4
1.645329E1,9.400185E-2,-8.981009E-4
1.648660E1,9.373071E-2,-8.127211E-4
1.651990E1,9.332038E-2,-6.806741E-4
1.655321E1,9.316844E-2,-6.717670E-4
1.658651E1,9.298721E-2,-6.894789E-4
1.661982E1,9.283715E-2,-7.016143E-4
1.665313E1,9.259884E-2,-7.111755E-4
1.668643E1,9.209435E-2,-6.932467E-4
1.671974E1,9.170864E-2,-6.973299E-4
1.675305E1,9.132245E-2,-7.226768E-4
1.678635E1,9.129266E-2,-7.438192E-4
1.681966E1,9.139910E-2,-8.312663E-4
1.685296E1,9.169428E-2,-9.540225E-4
1.688627E1,9.196638E-2,-9.523019E-4
1.691958E1,9.210110E-2,-9.578613E-4
1.695288E1,9.219992E-2,-9.893449E-4
1.698619E1,9.223819E-2,-1.056548E-3
1.701950E1,9.217679E-2,-1.135984E-3
1.705280E1,9.205943E-2,-1.171482E-3
1.708611E1,9.197570E-2,-1.149321E-3
1.711941E1,9.198960E-2,-1.123310E-3
1.715272E1,9.204708E-2,-1.110103E-3
1.718603E1,9.207702E-2,-1.099490E-3
1.721933E1,9.215594E-2,-1.102965E-3
1.725264E1,9.217807E-2,-1.078465E-3
1.728595E1,9.215890E-2,-1.017852E-3
1.731925E1,9.214844E-2,-9.869325E-4
1.735256E1,9.211213E-2,-8.955748E-4
1.738586E1,9.207788E-2,-8.399821E-4
1.741917E1,9.210749E-2,-7.951984E-4
1.745248E1,9.212522E-2,-7.349407E-4
1.748578E1,9.211484E-2,-7.052944E-4
1.751909E1,9.209661E-2,-6.648973E-4
1.755240E1,9.204615E-2,-6.273644E-4
1.758570E1,9.203496E-2,-6.467911E-4
1.761901E1,9.203368E-2,-6.761052E-4
1.765231E1,9.204417E-2,-6.951722E-4
1.768562E1,9.206349E-2,-7.136401E-4
1.771893E1,9.210070E-2,-7.541599E-4
1.775223E1,9.208843E-2,-7.927669E-4
1.778554E1,9.205108E-2,-8.426104E-4
1.781885E1,9.203951E-2,-8.929445E-4
1.785215E1,9.202582E-2,-9.654226E-4
1.788546E1,9.201923E-2,-1.042194E-3
1.791876E1,9.203712E-2,-1.081724E-3
1.795207E1,9.205765E-2,-1.108865E-3
1.798538E1,9.207590E-2,-1.132860E-3
1.801868E1,9.206034E-2,-1.173428E-3
1.805199E1,9.203476E-2,-1.160223E-3
1.808530E1,9.201780E-2,-1.143681E-3
1.811860E1,9.201539E-2,-1.120190E-3
1.815191E1,9.202347E-2,-1.093053E-3
1.818521E1,9.204728E-2,-1.062771E-3
1.821852E1,9.209356E-2,-9.908899E-4
1.825183E1,9.209830E-2,-9.227953E-4
1.828513E1,9.208039E-2,-8.630966E-4
1.831844E1,9.206826E-2,-8.377870E-4
1.835175E1,9.205590E-2,-7.888827E-4
1.838505E1,9.205316E-2,-6.966037E-4
1.841836E1,9.206265E-2,-6.725928E-4
1.845166E1,9.207049E-2,-6.510490E-4
1.848497E1,9.207636E-2,-6.472044E-4
1.851828E1,9.207167E-2,-6.449522E-4
1.855158E1,9.202550E-2,-6.583189E-4
1.858489E1,9.200857E-2,-6.780968E-4
1.861820E1,9.200842E-2,-7.179914E-4
1.865150E1,9.201838E-2,-7.337539E-4
1.868481E1,9.204019E-2,-7.662121E-4
1.871811E1,9.206793E-2,-8.383472E-4
1.875142E1,9.206614E-2,-9.044942E-4
1.878473E1,9.205765E-2,-9.703861E-4
1.881803E1,9.204807E-2,-9.904821E-4
1.885134E1,9.203281E-2,-1.044034E-3
1.888465E1,9.202620E-2,-1.124949E-3
1.891795E1,9.204356E-2,-1.150447E-3
1.895126E1,9.207244E-2,-1.162252E-3
1.898456E1,9.208603E-2,-1.173780E-3
1.901787E1,9.208180E-2,-1.165841E-3
1.905118E1,9.206967E-2,-1.144114E-3
1.908448E1,9.206140E-2,-1.117933E-3
1.911779E1,9.205791E-2,-1.080193E-3
1.915110E1,9.206380E-2,-1.042050E-3
1.918440E1,9.207283E-2,-1.032644E-3
1.921771E1,9.207629E-2,-9.656089E-4
1.925101E1,9.206569E-2,-8.959620E-4
1.928432E1,9.203899E-2,-8.402318E-4
1.931763E1,9.201319E-2,-7.956124E-4
1.935093E1,9.201149E-2,-7.467440E-4
1.938424E1,9.202162E-2,-6.763588E-4
1.941755E1,9.206181E-2,-6.508935E-4
1.945085E1,9.209949E-2,-6.374733E-4
1.948416E1,9.211395E-2,-6.453270E-4
1.951746E1,9.211188E-2,-6.514485E-4
1.955077E1,9.209147E-2,-6.661542E-4
1.958408E1,9.202259E-2,-7.103635E-4
1.961738E1,9.200947E-2,-7.421417E-4
1.965069E1,9.201377E-2,-7.565766E-4
1.968400E1,9.203673E-2,-7.829880E-4
1.971730E1,9.209726E-2,-8.532884E-4
1.975061E1,9.212666E-2,-9.195531E-4
1.978391E1,9.212173E-2,-9.419793E-4
1.981722E1,9.210145E-2,-1.004096E-3
1.985053E1,9.204615E-2,-1.103035E-3
1.988383E1,9.202218E-2,-1.137893E-3
1.991714E1,9.201839E-2,-1.145149E-3
1.995045E1,9.202467E-2,-1.152159E-3
1.998375E1,9.203645E-2,-1.149710E-3
2.001706E1,9.205589E-2,-1.143202E-3
2.005036E1,9.205698E-2,-1.130348E-3
2.008367E1,9.205512E-2,-1.107495E-3
2.011698E1,9.205486E-2,-1.083743E-3
2.015028E1,9.204452E-2,-1.019562E-3
2.018359E1,9.204635E-2,-9.724716E-4
2.021690E1,9.204894E-2,-8.983056E-4
2.025020E1,9.205122E-2,-8.722661E-4
2.028351E1,9.205080E-2,-8.180824E-4
2.031681E1,9.204379E-2,-7.484265E-4
2.035012E1,9.204764E-2,-7.032562E-4
2.038343E1,9.205142E-2,-6.621029E-4
2.041673E1,9.206033E-2,-6.561482E-4
2.045004E1,9.206630E-2,-6.454523E-4
2.048335E1,9.207283E-2,-6.365910E-4
2.051665E1,9.207021E-2,-6.549585E-4
2.054996E1,9.206300E-2,-6.797503E-4
2.058326E1,9.205024E-2,-7.216984E-4
2.061657E1,9.204721E-2,-7.446559E-4
2.064988E1,9.204705E-2,-7.838204E-4
2.068318E1,9.204644E-2,-8.513685E-4
2.071649E1,9.205510E-2,-9.118378E-4
2.074980E1,9.205581E-2,-9.718639E-4
2.078310E1,9.205707E-2,-9.888239E-4
2.081641E1,9.205144E-2,-1.041720E-3
2.084971E1,9.204920E-2,-1.115821E-3
2.088302E1,9.205254E-2,-1.141365E-3
2.091633E1,9.205666E-2,-1.153479E-3
2.094963E1,9.205951E-2,-1.154164E-3
2.098294E1,9.205848E-2,-1.148377E-3
2.101625E1,9.205075E-2,-1.128090E-3
2.104955E1,9.204295E-2,-1.109318E-3
2.108286E1,9.203674E-2,-1.076308E-3
2.111616E1,9.203592E-2,-1.047880E-3
2.114947E1,9.204387E-2,-1.006207E-3
2.118278E1,9.209994E-2,-9.617476E-4
2.121608E1,9.219987E-2,-8.875227E-4
2.124939E1,9.241926E-2,-8.324554E-4
2.128270E1,9.278056E-2,-8.010851E-4
2.131600E1,9.301512E-2,-7.650976E-4
2.134931E1,9.359250E-2,-7.212083E-4
2.138261E1,9.483287E-2,-6.789527E-4
2.141592E1,9.576373E-2,-6.403141E-4
2.144923E1,9.673205E-2,-6.297029E-4
2.148253E1,9.723640E-2,-6.355714E-4
2.151584E1,9.828937E-2,-6.614436E-4
2.154915E1,1.000339E-1,-7.177027E-4
2.158245E1,1.013256E-1,-7.687405E-4
2.161576E1,1.026126E-1,-8.117712E-4
2.164906E1,1.032488E-1,-8.364335E-4
2.168237E1,1.044218E-1,-8.805705E-4
2.171568E1,1.061546E-1,-9.630084E-4
2.174898E1,1.073332E-1,-1.030197E-3
2.178229E1,1.079299E-1,-1.053136E-3
2.181560E1,1.090022E-1,-1.086200E-3
2.184890E1,1.104185E-1,-1.115683E-3
2.188221E1,1.112266E-1,-1.146505E-3
2.191551E1,1.116063E-1,-1.160274E-3
2.194882E1,1.123731E-1,-1.209029E-3
2.198213E1,1.133790E-1,-1.224461E-3
2.201543E1,1.139683E-1,-1.205493E-3
2.204874E1,1.142822E-1,-1.203561E-3
2.208205E1,1.149119E-1,-1.191689E-3
2.211535E1,1.159991E-1,-1.212229E-3
2.214866E1,1.168613E-1,-1.216034E-3
2.218196E1,1.173266E-1,-1.165526E-3
2.221527E1,1.182164E-1,-1.069435E-3
2.224858E1,1.191403E-1,-9.918127E-4
2.228188E1,1.205302E-1,-9.297064E-4
2.231519E1,1.214994E-1,-8.845954E-4
2.234850E1,1.223872E-1,-8.293063E-4
2.238180E1,1.227723E-1,-8.040786E-4
2.241511E1,1.237974E-1,-7.037058E-4
2.244841E1,1.245392E-1,-6.719749E-4
2.248172E1,1.252364E-1,-6.452537E-4
2.251503E1,1.259101E-1,-6.366559E-4
2.254833E1,1.261902E-1,-6.255635E-4
2.258164E1,1.266923E-1,-5.930455E-4
2.261495E1,1.271777E-1,-5.793108E-4
2.264825E1,1.281028E-1,-5.677864E-4
2.268156E1,1.288712E-1,-5.984668E-4
2.271486E1,1.295992E-1,-6.079411E-4
2.274817E1,1.299658E-1,-6.114079E-4
2.278148E1,1.305486E-1,-6.248234E-4
2.281478E1,1.315027E-1,-6.606084E-4
2.284809E1,1.322392E-1,-7.389885E-4
2.288140E1,1.329905E-1,-7.865392E-4
2.291470E1,1.333288E-1,-7.797187E-4
2.294801E1,1.341381E-1,-7.791730E-4
2.298131E1,1.346557E-1,-8.045909E-4
2.301462E1,1.352317E-1,-8.711203E-4
2.304793E1,1.359077E-1,-9.586270E-4
2.308123E1,1.365464E-1,-9.789534E-4
2.311454E1,1.371828E-1,-9.789370E-4
2.314785E1,1.377476E-1,-9.706190E-4
2.318115E1,1.383233E-1,-9.881744E-4
2.321446E1,1.389325E-1,-1.029904E-3
2.324777E1,1.395740E-1,-1.044558E-3
2.328107E1,1.400902E-1,-9.981348E-4
2.331438E1,1.403500E-1,-9.604003E-4
2.334768E1,1.411127E-1,-8.992605E-4
2.338099E1,1.416348E-1,-9.085934E-4
2.341430E1,1.422120E-1,-9.046181E-4
2.344760E1,1.425044E-1,-9.040672E-4
2.348091E1,1.429849E-1,-8.157254E-4
2.351422E1,1.443537E-1,-6.795718E-4
2.354752E1,1.448793E-1,-6.520552E-4
2.358083E1,1.454720E-1,-6.576677E-4
2.361413E1,1.457511E-1,-6.662588E-4
2.364744E1,1.462291E-1,-6.656276E-4
2.368075E1,1.468709E-1,-6.274108E-4
2.371405E1,1.474270E-1,-6.062249E-4
2.374736E1,1.480598E-1,-6.143111E-4
2.378067E1,1.483859E-1,-6.266047E-4
2.381397E1,1.489713E-1,-6.454379E-4
2.384728E1,1.493285E-1,-6.437924E-4
2.388058E1,1.494886E-1,-6.476451E-4
2.391389E1,1.499202E-1,-6.791774E-4
2.394720E1,1.508369E-1,-7.757540E-4
2.398050E1,1.515169E-1,-8.257589E-4
2.401381E1,1.520049E-1,-8.862734E-4
2.404712E1,1.522065E-1,-8.989667E-4
2.408042E1,1.526289E-1,-9.580665E-4
2.411373E1,1.533838E-1,-1.075741E-3
2.414703E1,1.540106E-1,-1.180253E-3
2.418034E1,1.542366E-1,-1.202323E-3
2.421365E1,1.545633E-1,-1.211377E-3
2.424695E1,1.550013E-1,-1.242093E-3
2.428026E1,1.553952E-1,-1.284217E-3
2.431357E1,1.560054E-1,-1.350557E-3
2.434687E1,1.566572E-1,-1.336305E-3
2.438018E1,1.569223E-1,-1.316666E-3
2.441348E1,1.575883E-1,-1.268022E-3
2.444679E1,1.579266E-1,-1.288145E-3
2.448010E1,1.582778E-1,-1.309071E-3
2.451340E1,1.587391E-1,-1.319355E-3
2.454671E1,1.589179E-1,-1.303288E-3
2.458002E1,1.592223E-1,-1.253570E-3
2.461332E1,1.598479E-1,-1.138448E-3
2.464663E1,1.603155E-1,-1.108960E-3
2.467993E1,1.609582E-1,-1.105755E-3
2.471324E1,1.612404E-1,-1.062490E-3
2.474655E1,1.617123E-1,-9.990592E-4
2.477985E1,1.622732E-1,-8.943852E-4
2.481316E1,1.626006E-1,-8.470634E-4
2.484647E1,1.630191E-1,-8.416903E-4
2.487977E1,1.632452E-1,-8.456862E-4
2.491308E1,1.635846E-1,-8.037603E-4
2.494638E1,1.640300E-1,-7.054786E-4
2.497969E1,1.644464E-1,-6.996996E-4
2.501300E1,1.649955E-1,-7.241723E-4
2.504630E1,1.652750E-1,-7.452274E-4
2.507961E1,1.658483E-1,-7.572233E-4
2.511292E1,1.660166E-1,-7.656677E-4
2.514622E1,1.662646E-1,-7.862981E-4
2.517953E1,1.667354E-1,-8.426756E-4
2.521283E1,1.673626E-1,-9.008202E-4
2.524614E1,1.678058E-1,-9.064581E-4
2.527945E1,1.680741E-1,-9.271220E-4
2.531275E1,1.682197E-1,-9.405640E-4
2.534606E1,1.684877E-1,-1.034138E-3
2.537937E1,1.686976E-1,-1.099319E-3
2.541267E1,1.695978E-1,-1.177770E-3
2.544598E1,1.699804E-1,-1.170799E-3
2.547928E1,1.701794E-1,-1.169835E-3
2.551259E1,1.702607E-1,-1.179078E-3
2.554590E1,1.705009E-1,-1.232878E-3
2.557920E1,1.712572E-1,-1.326784E-3
2.561251E1,1.717122E-1,-1.304480E-3
2.564582E1,1.719202E-1,-1.304786E-3
2.567912E1,1.721619E-1,-1.300970E-3
2.571243E1,1.723353E-1,-1.272625E-3
2.574573E1,1.727733E-1,-1.270163E-3
2.577904E1,1.731861E-1,-1.253699E-3
2.581235E1,1.733419E-1,-1.208751E-3
2.584565E1,1.736413E-1,-1.152125E-3
2.587896E1,1.740190E-1,-1.040771E-3
2.591227E1,1.743223E-1,-1.029838E-3
2.594557E1,1.746756E-1,-9.984727E-4
2.597888E1,1.748162E-1,-9.841465E-4
2.601218E1,1.751104E-1,-8.961461E-4
2.604549E1,1.754724E-1,-7.849237E-4
2.607880E1,1.757314E-1,-7.312729E-4
2.611210E1,1.760802E-1,-7.195571E-4
2.614541E1,1.762190E-1,-7.046804E-4
2.617872E1,1.764507E-1,-6.617417E-4
2.621202E1,1.767593E-1,-5.728427E-4
2.624533E1,1.770500E-1,-5.762624E-4
2.627863E1,1.774189E-1,-5.794921E-4
2.631194E1,1.775949E-1,-5.885504E-4
2.634525E1,1.778197E-1,-5.956314E-4
2.637855E1,1.778989E-1,-5.990271E-4
2.641186E1,1.780492E-1,-6.204624E-4
2.644517E1,1.784436E-1,-6.738241E-4
2.647847E1,1.787145E-1,-7.026354E-4
2.651178E1,1.791757E-1,-7.206954E-4
2.654508E1,1.794474E-1,-7.431052E-4
2.657839E1,1.794926E-1,-7.762717E-4
2.661170E1,1.795401E-1,-8.514991E-4
2.664500E1,1.798323E-1,-9.582351E-4
2.667831E1,1.804341E-1,-1.030557E-3
2.671162E1,1.806190E-1,-1.057181E-3
2.674492E1,1.806412E-1,-1.092964E-3
2.677823E1,1.807039E-1,-1.161302E-3
2.681153E1,1.808008E-1,-1.192102E-3
2.684484E1,1.811731E-1,-1.241052E-3
2.687815E1,1.817708E-1,-1.266231E-3
2.691145E1,1.819378E-1,-1.269901E-3
2.694476E1,1.819687E-1,-1.285927E-3
2.697807E1,1.819962E-1,-1.306116E-3
2.701137E1,1.821575E-1,-1.332181E-3
2.704468E1,1.825856E-1,-1.326044E-3
2.707798E1,1.827556E-1,-1.269279E-3
2.711129E1,1.829128E-1,-1.236152E-3
2.714460E1,1.830071E-1,-1.189245E-3
2.717790E1,1.831839E-1,-1.170468E-3
2.721121E1,1.834547E-1,-1.132855E-3
2.724452E1,1.836756E-1,-1.059037E-3
2.727782E1,1.838235E-1,-9.659345E-4
2.731113E1,1.839333E-1,-9.278531E-4
2.734443E1,1.839830E-1,-9.257525E-4
2.737774E1,1.842932E-1,-8.753322E-4
2.741105E1,1.844793E-1,-8.094169E-4
2.744435E1,1.845648E-1,-7.642637E-4
2.747766E1,1.845963E-1,-7.373497E-4
2.751097E1,1.847144E-1,-6.871414E-4
2.754427E1,1.850657E-1,-6.566073E-4
2.757758E1,1.853043E-1,-6.477451E-4
2.761088E1,1.853483E-1,-6.417622E-4
2.764419E1,1.853322E-1,-6.418612E-4
2.767750E1,1.853469E-1,-6.630744E-4
2.771080E1,1.855309E-1,-6.888418E-4
2.774411E1,1.858401E-1,-7.190905E-4
2.777742E1,1.859889E-1,-7.178510E-4
2.781072E1,1.861009E-1,-7.227260E-4
2.784403E1,1.860770E-1,-7.828187E-4
2.787733E1,1.860924E-1,-8.486287E-4
2.791064E1,1.862897E-1,-9.363237E-4
2.794395E1,1.864345E-1,-9.466932E-4
2.797725E1,1.866379E-1,-9.753992E-4
2.801056E1,1.866892E-1,-9.974699E-4
2.804387E1,1.866659E-1,-1.036903E-3
2.807717E1,1.866779E-1,-1.096767E-3
2.811048E1,1.868377E-1,-1.163547E-3
2.814378E1,1.871495E-1,-1.175098E-3
2.817709E1,1.872506E-1,-1.179772E-3
2.821040E1,1.872506E-1,-1.174650E-3
2.824370E1,1.872439E-1,-1.175587E-3
2.827701E1,1.872506E-1,-1.180963E-3
2.831032E1,1.874393E-1,-1.175422E-3
2.834362E1,1.875553E-1,-1.150275E-3
2.837693E1,1.876019E-1,-1.121353E-3
2.841023E1,1.876206E-1,-1.109945E-3
2.844354E1,1.876327E-1,-1.107646E-3
2.847685E1,1.877178E-1,-1.045646E-3
2.851015E1,1.878262E-1,-1.023384E-3
2.854346E1,1.878694E-1,-9.539214E-4
2.857677E1,1.878934E-1,-9.325010E-4
2.861007E1,1.879626E-1,-9.048138E-4
2.864338E1,1.880227E-1,-8.558333E-4
2.867668E1,1.880443E-1,-7.917381E-4
2.870999E1,1.880482E-1,-7.444429E-4
2.874330E1,1.880458E-1,-7.280328E-4
2.877660E1,1.880600E-1,-7.123804E-4
2.880991E1,1.881500E-1,-6.863434E-4
2.884322E1,1.882028E-1,-6.943542E-4
2.887652E1,1.882222E-1,-7.059345E-4
2.890983E1,1.882165E-1,-7.147667E-4
2.894313E1,1.882083E-1,-7.269816E-4
2.897644E1,1.882369E-1,-7.460987E-4
2.900975E1,1.882699E-1,-7.667740E-4
2.904305E1,1.883293E-1,-7.833573E-4
2.907636E1,1.883549E-1,-7.921940E-4
2.910967E1,1.883651E-1,-8.137714E-4
2.914297E1,1.883760E-1,-8.949159E-4
2.917628E1,1.883864E-1,-9.658756E-4
2.920958E1,1.884040E-1,-9.974422E-4
2.924289E1,1.884008E-1,-1.018070E-3
2.927620E1,1.883932E-1,-1.041538E-3
2.930950E1,1.883844E-1,-1.065428E-3
2.934281E1,1.883810E-1,-1.127394E-3
2.937612E1,1.883745E-1,-1.162841E-3
2.940942E1,1.883673E-1,-1.176603E-3
2.944273E1,1.883682E-1,-1.178702E-3
2.947603E1,1.883642E-1,-1.179518E-3
2.950934E1,1.883653E-1,-1.194355E-3
2.954265E1,1.883554E-1,-1.193157E-3
2.957595E1,1.883372E-1,-1.185460E-3
2.960926E1,1.883348E-1,-1.174854E-3
2.964257E1,1.883366E-1,-1.153946E-3
2.967587E1,1.883285E-1,-1.126670E-3
2.970918E1,1.883056E-1,-1.106947E-3
2.974248E1,1.882551E-1,-1.084899E-3
2.977579E1,1.882710E-1,-1.080077E-3
2.980910E1,1.882857E-1,-1.049433E-3
2.984240E1,1.882727E-1,-9.608422E-4
2.987571E1,1.882471E-1,-9.273907E-4
2.990902E1,1.881897E-1,-9.240811E-4
2.994232E1,1.881075E-1,-8.833467E-4
2.997563E1,1.881137E-1,-8.488156E-4
3.000893E1,1.881194E-1,-7.730774E-4
3.004224E1,1.880664E-1,-7.399237E-4
3.007555E1,1.879769E-1,-7.321738E-4
3.010885E1,1.878382E-1,-7.193067E-4
3.014216E1,1.877702E-1,-6.969070E-4
3.017547E1,1.877930E-1,-6.905212E-4
3.020877E1,1.877821E-1,-6.933509E-4
3.024208E1,1.877286E-1,-6.968672E-4
3.027538E1,1.874989E-1,-7.143215E-4
3.030869E1,1.873324E-1,-7.310713E-4
3.034200E1,1.873749E-1,-7.340676E-4
3.037530E1,1.874139E-1,-7.487508E-4
3.040861E1,1.873997E-1,-7.496725E-4
3.044192E1,1.871808E-1,-7.914639E-4
3.047522E1,1.867931E-1,-8.737090E-4
3.050853E1,1.867952E-1,-9.251989E-4
3.054183E1,1.868777E-1,-9.358145E-4
3.057514E1,1.868856E-1,-9.572705E-4
3.060845E1,1.867850E-1,-9.779227E-4
3.064175E1,1.863103E-1,-1.077370E-3
3.067506E1,1.860986E-1,-1.156298E-3
3.070837E1,1.860770E-1,-1.173135E-3
3.074167E1,1.860891E-1,-1.185604E-3
3.077498E1,1.860956E-1,-1.229889E-3
3.080828E1,1.857761E-1,-1.300397E-3
3.084159E1,1.854875E-1,-1.350058E-3
3.087490E1,1.853548E-1,-1.345967E-3
3.090820E1,1.853656E-1,-1.328892E-3
3.094151E1,1.853869E-1,-1.323925E-3
3.097482E1,1.852066E-1,-1.310653E-3
3.100812E1,1.849610E-1,-1.306162E-3
3.104143E1,1.847224E-1,-1.290393E-3
3.107473E1,1.846539E-1,-1.272156E-3
3.110804E1,1.845953E-1,-1.245595E-3
3.114135E1,1.844925E-1,-1.219134E-3
3.117465E1,1.841869E-1,-1.172159E-3
3.120796E1,1.839742E-1,-1.157560E-3
3.124127E1,1.838854E-1,-1.132461E-3
3.127457E1,1.837930E-1,-1.104639E-3
3.130788E1,1.835552E-1,-1.067991E-3
3.134118E1,1.832212E-1,-1.011762E-3
3.137449E1,1.830001E-1,-9.783313E-4
3.140780E1,1.829759E-1,-9.594339E-4
3.144110E1,1.829996E-1,-9.406209E-4
3.147441E1,1.828602E-1,-8.674220E-4
3.150772E1,1.824949E-1,-8.131808E-4
3.154102E1,1.820417E-1,-8.132172E-4
3.157433E1,1.819049E-1,-8.147266E-4
3.160763E1,1.818469E-1,-8.021422E-4
3.164094E1,1.818528E-1,-7.863927E-4
3.167425E1,1.818398E-1,-7.790467E-4
3.170755E1,1.813851E-1,-7.707500E-4
3.174086E1,1.809143E-1,-8.155059E-4
3.177417E1,1.806650E-1,-8.614922E-4
3.180747E1,1.806581E-1,-8.797976E-4
3.184078E1,1.806642E-1,-8.942357E-4
3.187408E1,1.804611E-1,-9.291902E-4
3.190739E1,1.799873E-1,-9.473453E-4
3.194070E1,1.795374E-1,-1.001670E-3
3.197400E1,1.793559E-1,-1.048252E-3
3.200731E1,1.792383E-1,-1.068040E-3
3.204062E1,1.792091E-1,-1.090477E-3
3.207392E1,1.789744E-1,-1.106216E-3
3.210723E1,1.785206E-1,-1.126490E-3
3.214053E1,1.783444E-1,-1.169840E-3
3.217384E1,1.780861E-1,-1.195706E-3
3.220715E1,1.779500E-1,-1.206763E-3
3.224045E1,1.776854E-1,-1.184084E-3
3.227376E1,1.773082E-1,-1.167985E-3
3.230707E1,1.771400E-1,-1.164655E-3
3.234037E1,1.768424E-1,-1.158464E-3
3.237368E1,1.765594E-1,-1.123825E-3
3.240698E1,1.763499E-1,-1.071848E-3
3.244029E1,1.760074E-1,-1.044873E-3
3.247360E1,1.756372E-1,-1.021049E-3
3.250690E1,1.755249E-1,-9.856809E-4
3.254021E1,1.753012E-1,-9.155839E-4
3.257352E1,1.750399E-1,-8.622000E-4
3.260682E1,1.746130E-1,-8.276668E-4
3.264013E1,1.743773E-1,-8.204873E-4
3.267343E1,1.739409E-1,-8.156454E-4
3.270674E1,1.738972E-1,-8.075130E-4
3.274005E1,1.737627E-1,-7.680300E-4
3.277335E1,1.735930E-1,-7.312497E-4
3.280666E1,1.730741E-1,-6.906969E-4
3.283997E1,1.724443E-1,-6.993364E-4
3.287327E1,1.720656E-1,-7.520928E-4
3.290658E1,1.720526E-1,-7.736308E-4
3.293988E1,1.720182E-1,-7.910772E-4
3.297319E1,1.716915E-1,-7.977091E-4
3.300650E1,1.710930E-1,-8.239991E-4
3.303980E1,1.704005E-1,-9.402119E-4
3.307311E1,1.702456E-1,-9.915960E-4
3.310642E1,1.702157E-1,-9.901904E-4
3.313972E1,1.701073E-1,-1.030013E-3
3.317303E1,1.693449E-1,-1.073603E-3
3.320633E1,1.687465E-1,-1.146336E-3
3.323964E1,1.682912E-1,-1.218274E-3
3.327295E1,1.681823E-1,-1.238794E-3
3.330625E1,1.679762E-1,-1.283852E-3
3.333956E1,1.676658E-1,-1.296386E-3
3.337287E1,1.671090E-1,-1.299129E-3
3.340617E1,1.666565E-1,-1.316259E-3
3.343948E1,1.662842E-1,-1.362534E-3
3.347278E1,1.659751E-1,-1.368322E-3
3.350609E1,1.656974E-1,-1.347013E-3
3.353940E1,1.654893E-1,-1.325987E-3
3.357270E1,1.650064E-1,-1.307895E-3
3.360601E1,1.643884E-1,-1.280144E-3
3.363932E1,1.640233E-1,-1.256875E-3
3.367262E1,1.636560E-1,-1.211660E-3
3.370593E1,1.634615E-1,-1.147996E-3
3.373923E1,1.629360E-1,-1.075201E-3
3.377254E1,1.623448E-1,-1.013304E-3
3.380585E1,1.620034E-1,-9.935218E-4
3.383915E1,1.615837E-1,-9.717053E-4
3.387246E1,1.613425E-1,-9.614369E-4
3.390577E1,1.607435E-1,-9.291574E-4
3.393907E1,1.602086E-1,-9.263676E-4
3.397238E1,1.598616E-1,-9.292111E-4
3.400568E1,1.596071E-1,-9.222491E-4
3.403899E1,1.594275E-1,-9.298131E-4
3.407230E1,1.588670E-1,-9.239522E-4
3.410560E1,1.577524E-1,-9.598111E-4
3.413891E1,1.572775E-1,-1.005021E-3
3.417222E1,1.570376E-1,-1.024683E-3
3.420552E1,1.569161E-1,-1.057248E-3
3.423883E1,1.566040E-1,-1.103866E-3
3.427213E1,1.556799E-1,-1.185967E-3
3.430544E1,1.551252E-1,-1.270072E-3
3.433875E1,1.547986E-1,-1.346983E-3
3.437205E1,1.546751E-1,-1.383309E-3
3.440536E1,1.542107E-1,-1.483018E-3
3.443867E1,1.535965E-1,-1.504883E-3
3.447197E1,1.528620E-1,-1.571158E-3
3.450528E1,1.522838E-1,-1.640955E-3
3.453858E1,1.520495E-1,-1.690295E-3
3.457189E1,1.516826E-1,-1.737960E-3
3.460520E1,1.512067E-1,-1.718140E-3
3.463850E1,1.506639E-1,-1.704475E-3
3.467181E1,1.502157E-1,-1.693734E-3
3.470512E1,1.500890E-1,-1.692839E-3
3.473842E1,1.497686E-1,-1.671814E-3
3.477173E1,1.491270E-1,-1.608108E-3
3.480504E1,1.485446E-1,-1.543369E-3
3.483834E1,1.481808E-1,-1.512402E-3
3.487165E1,1.475510E-1,-1.484162E-3
3.490495E1,1.470816E-1,-1.463814E-3
3.493826E1,1.463971E-1,-1.386492E-3
3.497157E1,1.459832E-1,-1.293284E-3
3.500487E1,1.457354E-1,-1.253073E-3
3.503818E1,1.452601E-1,-1.194591E-3
3.507149E1,1.448271E-1,-1.156975E-3
3.510479E1,1.444396E-1,-1.098598E-3
3.513810E1,1.439239E-1,-1.048098E-3
3.517140E1,1.436166E-1,-1.039029E-3
3.520471E1,1.429570E-1,-1.005746E-3
3.523802E1,1.422182E-1,-9.931330E-4
3.527132E1,1.418264E-1,-9.920394E-4
3.530463E1,1.413131E-1,-1.000179E-3
3.533794E1,1.406716E-1,-9.939586E-4
3.537124E1,1.399897E-1,-1.009723E-3
3.540455E1,1.394845E-1,-1.053706E-3
3.543785E1,1.391199E-1,-1.103976E-3
3.547116E1,1.387068E-1,-1.140329E-3
3.550447E1,1.381107E-1,-1.161487E-3
3.553777E1,1.377497E-1,-1.195652E-3
3.557108E1,1.369735E-1,-1.230638E-3
3.560439E1,1.361344E-1,-1.325475E-3
3.563769E1,1.357337E-1,-1.384332E-3
3.567100E1,1.352411E-1,-1.404914E-3
3.570430E1,1.349491E-1,-1.402364E-3
3.573761E1,1.341750E-1,-1.408879E-3
3.577092E1,1.330801E-1,-1.456939E-3
3.580422E1,1.324819E-1,-1.471537E-3
3.583753E1,1.319284E-1,-1.457430E-3
3.587084E1,1.316806E-1,-1.443291E-3
3.590414E1,1.310104E-1,-1.413137E-3
3.593745E1,1.302090E-1,-1.384238E-3
3.597075E1,1.291682E-1,-1.359607E-3
3.600406E1,1.284582E-1,-1.327641E-3
3.603737E1,1.277606E-1,-1.295761E-3
3.607067E1,1.274161E-1,-1.276672E-3
3.610398E1,1.261615E-1,-1.215000E-3
3.613729E1,1.253721E-1,-1.190923E-3
3.617059E1,1.246225E-1,-1.171910E-3
3.620390E1,1.242363E-1,-1.163320E-3
3.623720E1,1.234640E-1,-1.144994E-3
3.627051E1,1.222924E-1,-1.109113E-3
3.630382E1,1.215177E-1,-1.094581E-3
3.633712E1,1.208343E-1,-1.093765E-3
3.637043E1,1.204794E-1,-1.088743E-3
3.640374E1,1.192846E-1,-1.100182E-3
3.643704E1,1.184081E-1,-1.115224E-3
3.647035E1,1.174950E-1,-1.160653E-3
3.650365E1,1.170425E-1,-1.175165E-3
3.653696E1,1.162861E-1,-1.199600E-3
3.657027E1,1.151945E-1,-1.231644E-3
3.660357E1,1.143575E-1,-1.270805E-3
3.663688E1,1.134340E-1,-1.326945E-3
3.667019E1,1.129484E-1,-1.381932E-3
3.670349E1,1.120572E-1,-1.433754E-3
3.673680E1,1.108937E-1,-1.460125E-3
3.677010E1,1.100980E-1,-1.492317E-3
3.680341E1,1.092131E-1,-1.532401E-3
3.683672E1,1.086820E-1,-1.533070E-3
3.687002E1,1.075351E-1,-1.532766E-3
3.690333E1,1.060173E-1,-1.553218E-3
3.693664E1,1.050801E-1,-1.536541E-3
3.696994E1,1.040684E-1,-1.506891E-3
3.700325E1,1.035319E-1,-1.482539E-3
3.703655E1,1.024029E-1,-1.457949E-3
3.706986E1,1.007383E-1,-1.399108E-3
3.710317E1,9.964533E-2,-1.361739E-3
3.713647E1,9.909794E-2,-1.335220E-3
3.716978E1,9.808209E-2,-1.296541E-3
3.720309E1,9.652371E-2,-1.244212E-3
3.723639E1,9.557570E-2,-1.211832E-3
3.726970E1,9.487692E-2,-1.188298E-3
3.730300E1,9.461688E-2,-1.185795E-3
3.733631E1,9.414685E-2,-1.173945E-3
3.736962E1,9.373877E-2,-1.174864E-3
3.740292E1,9.350241E-2,-1.177081E-3
3.743623E1,9.348500E-2,-1.176685E-3
3.746954E1,9.378938E-2,-1.179772E-3
3.750284E1,9.414087E-2,-1.198073E-3
3.753615E1,9.455173E-2,-1.238870E-3
3.756945E1,9.492311E-2,-1.315587E-3
3.760276E1,9.503677E-2,-1.356714E-3
3.763607E1,9.515300E-2,-1.426823E-3
3.766937E1,9.508884E-2,-1.487175E-3
3.770268E1,9.494195E-2,-1.564721E-3
3.773599E1,9.481016E-2,-1.606016E-3
3.776929E1,9.475884E-2,-1.613585E-3
3.780260E1,9.474806E-2,-1.631286E-3
3.783590E1,9.487303E-2,-1.636254E-3
3.786921E1,9.496091E-2,-1.620267E-3
3.790252E1,9.497766E-2,-1.610537E-3
3.793582E1,9.496689E-2,-1.603625E-3
3.796913E1,9.489076E-2,-1.574884E-3
3.800244E1,9.482099E-2,-1.534840E-3
3.803574E1,9.482725E-2,-1.525957E-3
3.806905E1,9.484606E-2,-1.479841E-3
3.810235E1,9.492512E-2,-1.417407E-3
3.813566E1,9.496260E-2,-1.369038E-3
3.816897E1,9.495385E-2,-1.337383E-3
3.820227E1,9.494277E-2,-1.333402E-3
3.823558E1,9.491055E-2,-1.306610E-3
3.826889E1,9.487623E-2,-1.282908E-3
3.830219E1,9.488793E-2,-1.288563E-3
3.833550E1,9.489852E-2,-1.306171E-3
3.836880E1,9.492702E-2,-1.320319E-3
3.840211E1,9.495293E-2,-1.338253E-3
3.843542E1,9.494209E-2,-1.360363E-3
