sweep_type,motor_scale,tau_max,w_max,m,I,I_ratio,stroke,g,L_min,L_max,guess_idx,guess_L,guess_r,guess_T,success,opt_L,opt_r,opt_T,y_final,ydot_final,error
mass,2.0,0.66888888892,1565.0367402633153,0.05,4.5e-06,1.0,0.05,9.81,0.1,0.18,0,0.12,0.004,0.03,True,0.09999999000990735,0.009392857519626976,0.015080142837113994,0.050000000000006956,10.036168126663094,
mass,2.0,0.66888888892,1565.0367402633153,0.05,4.5e-06,1.0,0.05,9.81,0.1,0.18,1,0.12,0.01,0.03,True,0.09999999000991217,0.009392857524920728,0.015080142832571043,0.049999999980021206,10.036168120031164,
mass,2.0,0.66888888892,1565.0367402633153,0.05,4.5e-06,1.0,0.05,9.81,0.1,0.18,2,0.18,0.004,0.03,True,0.09999999000428487,0.009392857524420723,0.015080142833554853,0.04999999999889088,10.036168126403163,
mass,2.0,0.66888888892,1565.0367402633153,0.05,4.5e-06,1.0,0.05,9.81,0.1,0.18,3,0.18,0.01,0.03,True,0.0999999906254678,0.009392856895400608,0.015080143288807933,0.04999999999363259,10.036168113906138,
mass,2.0,0.66888888892,1565.0367402633153,0.06551724137931035,4.5e-06,1.0,0.05,9.81,0.1,0.18,0,0.12,0.004,0.03,True,0.09999999001139709,0.008497802853051918,0.01612309157773188,0.04999999999994808,9.180109357133965,
mass,2.0,0.66888888892,1565.0367402633153,0.06551724137931035,4.5e-06,1.0,0.05,9.81,0.1,0.18,1,0.12,0.01,0.03,True,0.10000003740437974,0.008497763751675935,0.016123125079644238,0.049999999999995985,9.180108644356356,
mass,2.0,0.66888888892,1565.0367402633153,0.06551724137931035,4.5e-06,1.0,0.05,9.81,0.1,0.18,2,0.18,0.004,0.03,True,0.0999999988457761,0.008497795529219563,0.016123097847283347,0.04999999992407497,9.18010920326667,
mass,2.0,0.66888888892,1565.0367402633153,0.06551724137931035,4.5e-06,1.0,0.05,9.81,0.1,0.18,3,0.18,0.01,0.03,True,0.0999999900058143,0.008497802857673337,0.0161230915737756,0.04999999999999986,9.180109357233057,
mass,2.0,0.66888888892,1565.0367402633153,0.08103448275862069,4.5e-06,1.0,0.05,9.81,0.1,0.18,0,0.12,0.004,0.03,True,0.09999999252274808,0.007863894078996785,0.016995187587182718,0.049999999985460994,8.553131003964927,
mass,2.0,0.66888888892,1565.0367402633153,0.08103448275862069,4.5e-06,1.0,0.05,9.81,0.1,0.18,1,0.12,0.01,0.03,True,0.09999999001273324,0.007863895932132978,0.01699518578378016,0.049999999999525375,8.553131041371765,
mass,2.0,0.66888888892,1565.0367402633153,0.08103448275862069,4.5e-06,1.0,0.05,9.81,0.1,0.18,2,0.18,0.004,0.03,True,0.09999999000630756,0.00786389593660205,0.016995185779402202,0.04999999999933625,8.553131041404457,
mass,2.0,0.66888888892,1565.0367402633153,0.08103448275862069,4.5e-06,1.0,0.05,9.81,0.1,0.18,3,0.18,0.01,0.03,True,0.09999999008303817,0.007863895883017495,0.01699518583179237,0.04999999999998976,8.55313104055529,
mass,2.0,0.66888888892,1565.0367402633153,0.09655172413793103,4.5e-06,1.0,0.05,9.81,0.1,0.18,0,0.12,0.004,0.03,True,0.09999999007367084,0.007383029711288183,0.017750794088704693,0.04999999996111035,8.065325612822528,
mass,2.0,0.66888888892,1565.0367402633153,0.09655172413793103,4.5e-06,1.0,0.05,9.81,0.1,0.18,1,0.12,0.01,0.03,True,0.09999999001410073,0.00738302973896918,0.017750794060059878,0.049999999999999954,8.06532562395726,
mass,2.0,0.66888888892,1565.0367402633153,0.09655172413793103,4.5e-06,1.0,0.05,9.81,0.1,0.18,2,0.18,0.004,0.03,True,0.09999999000714621,0.007383029743238615,0.01775079405540604,0.04999999999978453,8.065325623988839,
mass,2.0,0.66888888892,1565.0367402633153,0.09655172413793103,4.5e-06,1.0,0.05,9.81,0.1,0.18,3,0.18,0.01,0.03,True,0.0999999901562477,0.007481953933623686,0.01765227910878563,0.050000003128218645,8.064963846615743,
mass,2.0,0.66888888892,1565.0367402633153,0.11206896551724138,4.5e-06,1.0,0.05,9.81,0.1,0.18,0,0.12,0.004,0.03,True,0.09999999005016148,0.007001123817792093,0.018421272033825258,0.04999999999999976,7.670084889521843,
mass,2.0,0.66888888892,1565.0367402633153,0.11206896551724138,4.5e-06,1.0,0.05,9.81,0.1,0.18,1,0.12,0.01,0.03,True,0.09999999131427863,0.0070011231333798035,0.01842127284931824,0.04999999999981585,7.670084875327906,
mass,2.0,0.66888888892,1565.0367402633153,0.11206896551724138,4.5e-06,1.0,0.05,9.81,0.1,0.18,2,0.18,0.004,0.03,True,0.09999999006276505,0.007001123787590699,0.018421272067521605,0.0499999999907865,7.670084888504772,
mass,2.0,0.66888888892,1565.0367402633153,0.11206896551724138,4.5e-06,1.0,0.05,9.81,0.1,0.18,3,0.18,0.01,0.03,True,0.09999999000769555,0.007001123840739503,0.018421272006377578,0.04999999999822795,7.670084889558608,
mass,2.0,0.66888888892,1565.0367402633153,0.12758620689655173,4.5e-06,1.0,0.05,9.81,0.1,0.18,0,0.12,0.004,0.03,True,0.09999999001642143,0.006687672181003911,0.01902648466965215,0.04999999899068474,7.340362052615855,
mass,2.0,0.66888888892,1565.0367402633153,0.12758620689655173,4.5e-06,1.0,0.05,9.81,0.1,0.18,1,0.12,0.01,0.03,True,0.09999999112083309,0.006687672427067383,0.019026484482145407,0.04999999999978361,7.340362224304431,
mass,2.0,0.66888888892,1565.0367402633153,0.12758620689655173,4.5e-06,1.0,0.05,9.81,0.1,0.18,2,0.18,0.004,0.03,True,0.09999999000840794,0.0066876729693437515,0.019026483782887148,0.049999999999996284,7.3403622359133855,
mass,2.0,0.66888888892,1565.0367402633153,0.12758620689655173,4.5e-06,1.0,0.05,9.81,0.1,0.18,3,0.18,0.01,0.03,True,0.09999999000841651,0.006687672969535785,0.019026483782646025,0.04999999999975142,7.340362235848096,
mass,2.0,0.66888888892,1565.0367402633153,0.14310344827586208,4.5e-06,1.0,0.05,9.81,0.1,0.18,0,0.12,0.004,0.03,True,0.09999999151311592,0.006423964804141642,0.019579872598998904,0.04999999989446175,7.059173857466995,
mass,2.0,0.66888888892,1565.0367402633153,0.14310344827586208,4.5e-06,1.0,0.05,9.81,0.1,0.18,1,0.12,0.01,0.03,True,0.09999999001766366,0.006423965565647048,0.01957987156279704,0.04999999999999993,7.059173890599682,
mass,2.0,0.66888888892,1565.0367402633153,0.14310344827586208,4.5e-06,1.0,0.05,9.81,0.1,0.18,2,0.18,0.004,0.03,True,0.09999999000891148,0.006423965569477737,0.019579871557484425,0.04999999999984164,7.059173890649311,
mass,2.0,0.66888888892,1565.0367402633153,0.14310344827586208,4.5e-06,1.0,0.05,9.81,0.1,0.18,3,0.18,0.01,0.03,True,0.09999999000899787,0.006423965569491119,0.019579871557481598,0.049999999999999996,7.05917389068391,
mass,2.0,0.66888888892,1565.0367402633153,0.1586206896551724,4.5e-06,1.0,0.05,9.81,0.1,0.18,0,0.12,0.004,0.03,True,0.09999999001876968,0.006197789236186152,0.020090988872166413,0.05000000000000171,6.8152121179650464,
mass,2.0,0.66888888892,1565.0367402633153,0.1586206896551724,4.5e-06,1.0,0.05,9.81,0.1,0.18,1,0.12,0.01,0.03,True,0.09999999079976786,0.006197788917167445,0.020090989341510723,0.049999999997893015,6.815212110365007,
mass,2.0,0.66888888892,1565.0367402633153,0.1586206896551724,4.5e-06,1.0,0.05,9.81,0.1,0.18,2,0.18,0.004,0.03,True,0.09999999000956178,0.0061977892398998305,0.020090988866689197,0.049999999999902345,6.81521211802985,
mass,2.0,0.66888888892,1565.0367402633153,0.1586206896551724,4.5e-06,1.0,0.05,9.81,0.1,0.18,3,0.18,0.01,0.03,True,0.09999999065097662,0.006197788988213211,0.02009098923532265,0.04999999995096598,6.815212101225478,
mass,2.0,0.66888888892,1565.0367402633153,0.17413793103448277,4.5e-06,1.0,0.05,9.81,0.1,0.18,0,0.12,0.004,0.03,True,0.09999999001844635,0.0060007821501689255,0.020566888215486214,0.04999999999818204,6.600599836689572,
mass,2.0,0.66888888892,1565.0367402633153,0.17413793103448277,4.5e-06,1.0,0.05,9.81,0.1,0.18,1,0.12,0.01,0.03,True,0.09999999103193712,0.006000781521637931,0.02056688914161557,0.049999999674522476,6.600599773369562,
mass,2.0,0.66888888892,1565.0367402633153,0.17413793103448277,4.5e-06,1.0,0.05,9.81,0.1,0.18,2,0.18,0.004,0.03,True,0.09999999012327755,0.006000782082835909,0.020566888314758548,0.04999999996678516,6.600599830729593,
mass,2.0,0.66888888892,1565.0367402633153,0.17413793103448277,4.5e-06,1.0,0.05,9.81,0.1,0.18,3,0.18,0.01,0.03,True,0.09999999001011066,0.006000782153921269,0.020566888209847062,0.05000000000000776,6.600599837146658,
mass,2.0,0.66888888892,1565.0367402633153,0.1896551724137931,4.5e-06,1.0,0.05,9.81,0.1,0.18,0,0.12,0.004,0.03,True,0.09999999108094718,0.005826995909055916,0.021012936529716256,0.0499999999538928,6.40964827985781,
mass,2.0,0.66888888892,1565.0367402633153,0.1896551724137931,4.5e-06,1.0,0.05,9.81,0.1,0.18,1,0.12,0.01,0.03,True,0.09999999002090007,0.005826996297992044,0.021012935897322678,0.049999999999998254,6.409648297874949,
mass,2.0,0.66888888892,1565.0367402633153,0.1896551724137931,4.5e-06,1.0,0.05,9.81,0.1,0.18,2,0.18,0.004,0.03,True,0.09999999084065915,0.005826996010762002,0.021012936367687682,0.0499999999864636,6.409648288343408,
mass,2.0,0.66888888892,1565.0367402633153,0.1896551724137931,4.5e-06,1.0,0.05,9.81,0.1,0.18,3,0.18,0.01,0.03,True,0.0999999914584086,0.005826995794885502,0.02101293672285184,0.04999999999997506,6.409648286063117,
mass,2.0,0.66888888892,1565.0367402633153,0.20517241379310347,4.5e-06,1.0,0.05,9.81,0.1,0.18,0,0.12,0.004,0.03,True,0.09999999002060979,0.00567206692113305,0.021433317491859515,0.049999999985851286,6.238126369175475,
mass,2.0,0.66888888892,1565.0367402633153,0.20517241379310347,4.5e-06,1.0,0.05,9.81,0.1,0.18,1,0.12,0.01,0.03,True,0.09999999209455902,0.005672066244000491,0.021433318658521806,0.049999999999978444,6.238126355745009,
mass,2.0,0.66888888892,1565.0367402633153,0.20517241379310347,4.5e-06,1.0,0.05,9.81,0.1,0.18,2,0.18,0.004,0.03,True,0.09999999032230132,0.005672066821648147,0.021433317663534353,0.04999999999429783,6.238126368501282,
mass,2.0,0.66888888892,1565.0367402633153,0.20517241379310347,4.5e-06,1.0,0.05,9.81,0.1,0.18,3,0.18,0.01,0.03,True,0.09999999001117081,0.005672066925332112,0.021433317485765147,0.049999999999863404,6.23812637203125,
mass,2.0,0.66888888892,1565.0367402633153,0.2206896551724138,4.5e-06,1.0,0.05,9.81,0.1,0.18,0,0.12,0.004,0.03,True,0.09999999234099813,0.0055327063672733585,0.02183136689858765,0.04999999999979899,6.0828089656149,
mass,2.0,0.66888888892,1565.0367402633153,0.2206896551724138,4.5e-06,1.0,0.05,9.81,0.1,0.18,1,0.12,0.01,0.03,True,0.0999999900208762,0.005532707078569626,0.0218313656185652,0.04999999999999486,6.082808983017231,
mass,2.0,0.66888888892,1565.0367402633153,0.2206896551724138,4.5e-06,1.0,0.05,9.81,0.1,0.18,2,0.18,0.004,0.03,True,0.09999999132644992,0.0055327066441394354,0.021831366389032603,0.04999999992294123,6.082808959771265,
mass,2.0,0.66888888892,1565.0367402633153,0.2206896551724138,4.5e-06,1.0,0.05,9.81,0.1,0.18,3,0.18,0.01,0.03,True,0.09999999155173209,0.0055327066095761865,0.021831366462618153,0.0500000000000001,6.082808971560587,
mass,2.0,0.66888888892,1565.0367402633153,0.2362068965517241,4.5e-06,1.0,0.05,9.81,0.1,0.18,0,0.12,0.004,0.03,True,0.09999999250314993,0.005406386020279406,0.022209781770285972,0.04999999992953851,5.941186377264768,
mass,2.0,0.66888888892,1565.0367402633153,0.2362068965517241,4.5e-06,1.0,0.05,9.81,0.1,0.18,1,0.12,0.01,0.03,True,0.09999999002253675,0.005406386734345464,0.022209780435372344,0.04999999999999782,5.941186408560016,
mass,2.0,0.66888888892,1565.0367402633153,0.2362068965517241,4.5e-06,1.0,0.05,9.81,0.1,0.18,2,0.18,0.004,0.03,True,0.0999999900121395,0.005406386737824505,0.022209780428938498,0.049999999999963324,5.941186408627113,
mass,2.0,0.66888888892,1565.0367402633153,0.2362068965517241,4.5e-06,1.0,0.05,9.81,0.1,0.18,3,0.18,0.01,0.03,True,0.09999999001769017,0.005406386732226492,0.022209780438126905,0.04999999999183316,5.941186407277456,
mass,2.0,0.66888888892,1565.0367402633153,0.2517241379310345,4.5e-06,1.0,0.05,9.81,0.1,0.18,0,0.12,0.004,0.03,True,0.09999999002490238,0.005291121627214053,0.022570782615709196,0.049999999999999545,5.811270604728874,
mass,2.0,0.66888888892,1565.0367402633153,0.2517241379310345,4.5e-06,1.0,0.05,9.81,0.1,0.18,1,0.12,0.01,0.03,True,0.09999999042483251,0.005291121517829029,0.02257078282896449,0.04999999999999542,5.811270601972048,
mass,2.0,0.66888888892,1565.0367402633153,0.2517241379310345,4.5e-06,1.0,0.05,9.81,0.1,0.18,2,0.18,0.004,0.03,True,0.09999999001268568,0.005291121630762788,0.02257078260884193,0.05000000000000773,5.811270604805051,
mass,2.0,0.66888888892,1565.0367402633153,0.2517241379310345,4.5e-06,1.0,0.05,9.81,0.1,0.18,3,0.18,0.01,0.03,True,0.09999999176132525,0.005291121152935124,0.022570783540496554,0.05000000000000152,5.811270592759774,
mass,2.0,0.66888888892,1565.0367402633153,0.2672413793103448,4.5e-06,1.0,0.05,9.81,0.1,0.18,0,0.12,0.004,0.03,True,0.09999999002404436,0.00518533006771526,0.022916222315178942,0.049999999999999954,5.691462334928003,
mass,2.0,0.66888888892,1565.0367402633153,0.2672413793103448,4.5e-06,1.0,0.05,9.81,0.1,0.18,1,0.12,0.01,0.03,True,0.09999999396380548,0.005185328959509027,0.022916224536846063,0.05000000000099509,5.69146230904918,
mass,2.0,0.66888888892,1565.0367402633153,0.2672413793103448,4.5e-06,1.0,0.05,9.81,0.1,0.18,2,0.18,0.004,0.03,True,0.09999999009272452,0.005185330060175975,0.022916222332472747,0.049999999993649194,5.691462332871482,
mass,2.0,0.66888888892,1565.0367402633153,0.2672413793103448,4.5e-06,1.0,0.05,9.81,0.1,0.18,3,0.18,0.01,0.03,True,0.09999999001316957,0.00518533007110289,0.022916222308455723,0.049999999999997484,5.69146233499973,
mass,2.0,0.66888888892,1565.0367402633153,0.2827586206896552,4.5e-06,1.0,0.05,9.81,0.1,0.18,0,0.12,0.004,0.03,True,0.10000002998517743,0.0050877234082269745,0.023247679153394797,0.0499999999999449,5.58045742146154,
mass,2.0,0.66888888892,1565.0367402633153,0.2827586206896552,4.5e-06,1.0,0.05,9.81,0.1,0.18,1,0.12,0.01,0.03,True,0.09999999034653875,0.005087733156690691,0.023247658741081173,0.04999999999987394,5.580457675260881,
mass,2.0,0.66888888892,1565.0367402633153,0.2827586206896552,4.5e-06,1.0,0.05,9.81,0.1,0.18,2,0.18,0.004,0.03,True,0.0999999906290245,0.005087733085622476,0.02324765888939755,0.04999999999837307,5.5804576731731785,
mass,2.0,0.66888888892,1565.0367402633153,0.2827586206896552,4.5e-06,1.0,0.05,9.81,0.1,0.18,3,0.18,0.01,0.03,True,0.09999999879504214,0.005087731078189938,0.023247663093078175,0.049999999999969985,5.580457621182214,
mass,2.0,0.66888888892,1565.0367402633153,0.2982758620689655,4.5e-06,1.0,0.05,9.81,0.1,0.18,0,0.12,0.004,0.03,True,0.09999999196291587,0.004997235219140705,0.023566512089893264,0.050000000910600466,5.477180802415133,
mass,2.0,0.66888888892,1565.0367402633153,0.2982758620689655,4.5e-06,1.0,0.05,9.81,0.1,0.18,1,0.12,0.01,0.03,True,0.0999999900277416,0.004997284145284946,0.023566418365261514,0.0499999999999881,5.477180772131239,
mass,2.0,0.66888888892,1565.0367402633153,0.2982758620689655,4.5e-06,1.0,0.05,9.81,0.1,0.18,2,0.18,0.004,0.03,True,0.09999999001400812,0.004997284148471839,0.02356641835834258,0.04999999999977985,5.4771807721791514,
mass,2.0,0.66888888892,1565.0367402633153,0.2982758620689655,4.5e-06,1.0,0.05,9.81,0.1,0.18,3,0.18,0.01,0.03,True,0.09999999057839942,0.004997283965372832,0.02356641885739734,0.050000000629833966,5.477180797809041,
mass,2.0,0.66888888892,1565.0367402633153,0.3137931034482758,4.5e-06,1.0,0.05,9.81,0.1,0.18,0,0.12,0.004,0.03,True,0.09999999007616782,0.004913116019826188,0.02387364123024219,0.04999999999999971,5.380734493633001,
mass,2.0,0.66888888892,1565.0367402633153,0.3137931034482758,4.5e-06,1.0,0.05,9.81,0.1,0.18,1,0.12,0.01,0.03,True,0.09999999002867388,0.004913116033893112,0.023873641200192978,0.05000000000271411,5.380734494218692,
mass,2.0,0.66888888892,1565.0367402633153,0.3137931034482758,4.5e-06,1.0,0.05,9.81,0.1,0.18,2,0.18,0.004,0.03,True,0.09999999001460314,0.004913116033583754,0.023873641199526167,0.04999999999999972,5.380734494001648,
mass,2.0,0.66888888892,1565.0367402633153,0.3137931034482758,4.5e-06,1.0,0.05,9.81,0.1,0.18,3,0.18,0.01,0.03,True,0.09999999029538356,0.004913115961662333,0.02387364135761529,0.049999999999733015,5.380734492270181,
mass,2.0,0.66888888892,1565.0367402633153,0.3293103448275862,4.5e-06,1.0,0.05,9.81,0.1,0.18,0,0.12,0.004,0.03,True,0.09999999002956446,0.004834504128091026,0.0241703135101329,0.050000000001144504,5.2903636423872,
mass,2.0,0.66888888892,1565.0367402633153,0.3293103448275862,4.5e-06,1.0,0.05,9.81,0.1,0.18,1,0.12,0.01,0.03,True,0.09999999002940177,0.00483450412883901,0.02417031350845901,0.04999999999993588,5.290363642150565,
mass,2.0,0.66888888892,1565.0367402633153,0.3293103448275862,4.5e-06,1.0,0.05,9.81,0.1,0.18,2,0.18,0.004,0.03,True,0.09999999060952827,0.004834504004596871,0.02417031379412673,0.04999999999933267,5.290363638683104,
mass,2.0,0.66888888892,1565.0367402633153,0.3293103448275862,4.5e-06,1.0,0.05,9.81,0.1,0.18,3,0.18,0.01,0.03,True,0.09999999380527347,0.00483450331480928,0.02417031537626973,0.049999999965535405,5.2903636144545505,
mass,2.0,0.66888888892,1565.0367402633153,0.3448275862068965,4.5e-06,1.0,0.05,9.81,0.1,0.18,0,0.12,0.004,0.03,True,0.09999999075652917,0.00476083681515041,0.02445729563456217,0.049999999999999836,5.205427042052039,
mass,2.0,0.66888888892,1565.0367402633153,0.3448275862068965,4.5e-06,1.0,0.05,9.81,0.1,0.18,1,0.12,0.01,0.03,True,0.09999999003002091,0.004760836963644008,0.024457295283031786,0.05000000000003966,5.2054270461543295,
mass,2.0,0.66888888892,1565.0367402633153,0.3448275862068965,4.5e-06,1.0,0.05,9.81,0.1,0.18,2,0.18,0.004,0.03,True,0.09999999216382721,0.004760836527202157,0.024457296316143413,0.049999999999989504,5.205427034125641,
mass,2.0,0.66888888892,1565.0367402633153,0.3448275862068965,4.5e-06,1.0,0.05,9.81,0.1,0.18,3,0.18,0.01,0.03,True,0.09999999001541288,0.004760836966603593,0.024457295276001517,0.04999999999983481,5.205427046205863,
mass,2.0,0.66888888892,1565.0367402633153,0.3603448275862069,4.5e-06,1.0,0.05,9.81,0.1,0.18,0,0.12,0.004,0.03,True,0.1000000000533389,0.004691592466188297,0.024735346017278375,0.04999999999999661,5.125376075521347,
mass,2.0,0.66888888892,1565.0367402633153,0.3603448275862069,4.5e-06,1.0,0.05,9.81,0.1,0.18,1,0.12,0.01,0.03,True,0.09999999003135564,0.004691594433078955,0.02473534123220841,0.04999999999999544,5.12537613034737,
mass,2.0,0.66888888892,1565.0367402633153,0.3603448275862069,4.5e-06,1.0,0.05,9.81,0.1,0.18,2,0.18,0.004,0.03,True,0.09999999022876802,0.004691594394331157,0.024735341326472163,0.04999999999998419,5.125376129265586,
mass,2.0,0.66888888892,1565.0367402633153,0.3603448275862069,4.5e-06,1.0,0.05,9.81,0.1,0.18,3,0.18,0.01,0.03,True,0.10000000819746144,0.004691590867893,0.024735349905637895,0.049999999999900534,5.125376030952022,
mass,2.0,0.66888888892,1565.0367402633153,0.3758620689655172,4.5e-06,1.0,0.05,9.81,0.1,0.18,0,0.12,0.004,0.03,True,0.10000000155086744,0.004626328708820606,0.025005122995046876,0.04999999999996399,5.049738175145982,
mass,2.0,0.66888888892,1565.0367402633153,0.3758620689655172,4.5e-06,1.0,0.05,9.81,0.1,0.18,1,0.12,0.01,0.03,True,0.09999999137270753,0.004626330627754062,0.025005118200033566,0.04999999997395275,5.0497382249886735,
mass,2.0,0.66888888892,1565.0367402633153,0.3758620689655172,4.5e-06,1.0,0.05,9.81,0.1,0.18,2,0.18,0.004,0.03,True,0.09999999089140274,0.004626330717423178,0.025005117977784496,0.04999999999983632,5.049738231816823,
mass,2.0,0.66888888892,1565.0367402633153,0.3758620689655172,4.5e-06,1.0,0.05,9.81,0.1,0.18,3,0.18,0.01,0.03,True,0.1000000030163028,0.004626328432556782,0.025005123685061637,0.04999999999995305,5.049738167347696,
mass,2.0,0.66888888892,1565.0367402633153,0.3913793103448276,4.5e-06,1.0,0.05,9.81,0.1,0.18,0,0.12,0.004,0.03,True,0.09999999003314465,0.004564661856886465,0.02526721558919421,0.05000000000460464,4.97810349833194,
mass,2.0,0.66888888892,1565.0367402633153,0.3913793103448276,4.5e-06,1.0,0.05,9.81,0.1,0.18,1,0.12,0.01,0.03,True,0.09999999002950669,0.004564661857244373,0.02526721558749763,0.04999999999932412,4.978103497505556,
mass,2.0,0.66888888892,1565.0367402633153,0.3913793103448276,4.5e-06,1.0,0.05,9.81,0.1,0.18,2,0.18,0.004,0.03,True,0.10000006633091012,0.00456465756812749,0.025267229818968045,0.049999999685393835,4.978103089532654,
mass,2.0,0.66888888892,1565.0367402633153,0.3913793103448276,4.5e-06,1.0,0.05,9.81,0.1,0.18,3,0.18,0.01,0.03,True,0.10000001256632442,0.004564657771629557,0.02526722605481669,0.04999999999987047,4.978103380851269,
mass,2.0,0.66888888892,1565.0367402633153,0.4068965517241379,4.5e-06,1.0,0.05,9.81,0.1,0.18,0,0.12,0.004,0.03,False,nan,nan,nan,nan,nan,Error in Opti::solve [OptiNode] at .../casadi/core
mass,2.0,0.66888888892,1565.0367402633153,0.4068965517241379,4.5e-06,1.0,0.05,9.81,0.1,0.18,1,0.12,0.01,0.03,True,0.09999999003401348,0.004506253665215425,0.025522162670917864,0.05000000000000043,4.910114400708517,
mass,2.0,0.66888888892,1565.0367402633153,0.4068965517241379,4.5e-06,1.0,0.05,9.81,0.1,0.18,2,0.18,0.004,0.03,True,0.09999999108297494,0.004506253481407605,0.02552216315312117,0.049999999998396064,4.910114395158582,
mass,2.0,0.66888888892,1565.0367402633153,0.4068965517241379,4.5e-06,1.0,0.05,9.81,0.1,0.18,3,0.18,0.01,0.03,True,0.10000000703270734,0.004506250696521071,0.025522170464702103,0.05000000000000234,4.9101143149250905,
mass,2.0,0.66888888892,1565.0367402633153,0.42241379310344823,4.5e-06,1.0,0.05,9.81,0.1,0.18,0,0.12,0.004,0.03,True,0.0999999916496094,0.004450814729869224,0.025770432104992264,0.04999999999999849,4.845457398815323,
mass,2.0,0.66888888892,1565.0367402633153,0.42241379310344823,4.5e-06,1.0,0.05,9.81,0.1,0.18,1,0.12,0.01,0.03,True,0.09999999376947888,0.004450814352963446,0.025770433104194575,0.0499999999226479,4.845457376486853,
mass,2.0,0.66888888892,1565.0367402633153,0.42241379310344823,4.5e-06,1.0,0.05,9.81,0.1,0.18,2,0.18,0.004,0.03,True,0.09999999859765574,0.004450813559971354,0.02577043524979642,0.049999999999993085,4.845457364619839,
mass,2.0,0.66888888892,1565.0367402633153,0.42241379310344823,4.5e-06,1.0,0.05,9.81,0.1,0.18,3,0.18,0.01,0.03,True,0.09999999001776815,0.004450815003340201,0.025770431368763287,0.04999999999233232,4.845457405666066,
mass,2.0,0.66888888892,1565.0367402633153,0.4379310344827586,4.5e-06,1.0,0.05,9.81,0.1,0.18,0,0.12,0.004,0.03,True,0.09999999024114896,0.004398090207129031,0.02601244698686463,0.04999999999981671,4.7838561629994665,
mass,2.0,0.66888888892,1565.0367402633153,0.4379310344827586,4.5e-06,1.0,0.05,9.81,0.1,0.18,1,0.12,0.01,0.03,True,0.09999999003368781,0.004398090240478046,0.026012446894954293,0.04999999999927487,4.783856163913788,
mass,2.0,0.66888888892,1565.0367402633153,0.4379310344827586,4.5e-06,1.0,0.05,9.81,0.1,0.18,2,0.18,0.004,0.03,True,0.09999999492093911,0.004398089445485221,0.026012449080922127,0.04999999999684961,4.7838561400783846,
mass,2.0,0.66888888892,1565.0367402633153,0.4379310344827586,4.5e-06,1.0,0.05,9.81,0.1,0.18,3,0.18,0.01,0.03,True,0.09999999049017048,0.00439809016535785,0.026012447101356705,0.05000000000074493,4.7838561619954465,
mass,2.0,0.66888888892,1565.0367402633153,0.45344827586206893,4.5e-06,1.0,0.05,9.81,0.1,0.18,0,0.12,0.004,0.03,True,0.09999999615135675,0.004347853008288894,0.026248596018978443,0.04999999999996569,4.725065938323891,
mass,2.0,0.66888888892,1565.0367402633153,0.45344827586206893,4.5e-06,1.0,0.05,9.81,0.1,0.18,1,0.12,0.01,0.03,True,0.0999999900365181,0.004347853968411977,0.026248593319240645,0.04999999999998497,4.725065967014327,
mass,2.0,0.66888888892,1565.0367402633153,0.45344827586206893,4.5e-06,1.0,0.05,9.81,0.1,0.18,2,0.18,0.004,0.03,True,0.09999999002261006,0.004347853970612903,0.02624859331306028,0.04999999999999993,4.725065967081803,
mass,2.0,0.66888888892,1565.0367402633153,0.45344827586206893,4.5e-06,1.0,0.05,9.81,0.1,0.18,3,0.18,0.01,0.03,True,0.09999999005804466,0.004347853965045779,0.026248593328712877,0.049999999999999226,4.725065966915458,
mass,2.0,0.66888888892,1565.0367402633153,0.4689655172413793,4.5e-06,1.0,0.05,9.81,0.1,0.18,0,0.12,0.004,0.03,True,0.0999999907273032,0.004299906410875939,0.026479219156431286,0.04999999999999999,4.668869195401049,
mass,2.0,0.66888888892,1565.0367402633153,0.4689655172413793,4.5e-06,1.0,0.05,9.81,0.1,0.18,1,0.12,0.01,0.03,True,0.09999999003673302,0.004299906515601459,0.02647921885548819,0.04999999999982478,4.668869198541239,
mass,2.0,0.66888888892,1565.0367402633153,0.4689655172413793,4.5e-06,1.0,0.05,9.81,0.1,0.18,2,0.18,0.004,0.03,True,0.09999999001907053,0.004299906518417345,0.02647921884747096,0.05,4.668869198648568,
mass,2.0,0.66888888892,1565.0367402633153,0.4689655172413793,4.5e-06,1.0,0.05,9.81,0.1,0.18,3,0.18,0.01,0.03,True,0.10000000401988135,0.004299904392493304,0.026479224955143786,0.04999999999999917,4.6688691344490545,
mass,2.0,0.66888888892,1565.0367402633153,0.4844827586206896,4.5e-06,1.0,0.05,9.81,0.1,0.18,0,0.12,0.004,0.03,True,0.1293646785719882,0.00984444909595781,0.022471107632342304,0.05000000067704548,4.177851362160692,
mass,2.0,0.66888888892,1565.0367402633153,0.4844827586206896,4.5e-06,1.0,0.05,9.81,0.1,0.18,1,0.12,0.01,0.03,True,0.09999999003827217,0.004254070271901607,0.026704640252342593,0.04999999999999189,4.6150715541426015,
mass,2.0,0.66888888892,1565.0367402633153,0.4844827586206896,4.5e-06,1.0,0.05,9.81,0.1,0.18,2,0.18,0.004,0.03,True,0.09999999006199865,0.004254070268413666,0.026704640262574766,0.0499999999999992,4.6150715540373435,
mass,2.0,0.66888888892,1565.0367402633153,0.4844827586206896,4.5e-06,1.0,0.05,9.81,0.1,0.18,3,0.18,0.01,0.03,True,0.09999999006078811,0.004254070268558345,0.026704640262135645,0.049999999999999434,4.615071554042767,
mass,2.0,0.66888888892,1565.0367402633153,0.5,4.5e-06,1.0,0.05,9.81,0.1,0.18,0,0.12,0.004,0.03,True,0.09999999003911428,0.004210186628497887,0.02692514655051905,0.05,4.563498894245047,
mass,2.0,0.66888888892,1565.0367402633153,0.5,4.5e-06,1.0,0.05,9.81,0.1,0.18,1,0.12,0.01,0.03,True,0.09999999003243143,0.004210186628139785,0.026925146550805287,0.04999999999797241,4.56349889398036,
mass,2.0,0.66888888892,1565.0367402633153,0.5,4.5e-06,1.0,0.05,9.81,0.1,0.18,2,0.18,0.004,0.03,True,0.09999999001996872,0.004210186631229017,0.02692514654234521,0.04999999999999688,4.563498894328786,
mass,2.0,0.66888888892,1565.0367402633153,0.5,4.5e-06,1.0,0.05,9.81,0.1,0.18,3,0.18,0.01,0.03,True,0.09999999001572453,0.0042101865994560676,0.026925146741263326,0.050000000539634305,4.563498913855488,
inertia,2.0,0.66888888892,1565.0367402633153,0.1,4.5000000000000003e-07,0.1,0.05,9.81,0.1,0.18,0,0.12,0.004,0.03,True,0.17999989069352196,0.012805585245126056,0.011602458989529912,0.050000000004704614,7.342549800329667,
inertia,2.0,0.66888888892,1565.0367402633153,0.1,4.5000000000000003e-07,0.1,0.05,9.81,0.1,0.18,1,0.12,0.01,0.03,True,0.1799998959321338,0.01280558548347464,0.01160245898069594,0.05000000000038124,7.342549799000524,
inertia,2.0,0.66888888892,1565.0367402633153,0.1,4.5000000000000003e-07,0.1,0.05,9.81,0.1,0.18,2,0.18,0.004,0.03,True,0.17999991792635098,0.012805586496855913,0.011602458941404008,0.0500000000283177,7.3425498076728175,
inertia,2.0,0.66888888892,1565.0367402633153,0.1,4.5000000000000003e-07,0.1,0.05,9.81,0.1,0.18,3,0.18,0.01,0.03,True,0.17999995203715521,0.012805588048829275,0.011602458883884264,0.05000000000007371,7.342549798990189,
inertia,2.0,0.66888888892,1565.0367402633153,0.1,5.274460338900661e-07,0.11721022975334802,0.05,9.81,0.1,0.18,0,0.12,0.004,0.03,True,0.12867717408065485,0.010139253064406996,0.011864988094454944,0.05000000000199355,7.3693086581945115,
inertia,2.0,0.66888888892,1565.0367402633153,0.1,5.274460338900661e-07,0.11721022975334802,0.05,9.81,0.1,0.18,1,0.12,0.01,0.03,True,0.12867717413011434,0.010139253066936773,0.011864988094313486,0.05000000000000154,7.369308657424962,
inertia,2.0,0.66888888892,1565.0367402633153,0.1,5.274460338900661e-07,0.11721022975334802,0.05,9.81,0.1,0.18,2,0.18,0.004,0.03,True,0.1286771650470751,0.010139252553310746,0.011864988132304029,0.050000000000078454,7.36930865745922,
inertia,2.0,0.66888888892,1565.0367402633153,0.1,5.274460338900661e-07,0.11721022975334802,0.05,9.81,0.1,0.18,3,0.18,0.01,0.03,True,0.12867716440317603,0.010139252518411829,0.011864988134538412,0.050000000002196746,7.369308658380951,
inertia,2.0,0.66888888892,1565.0367402633153,0.1,6.182207081474683e-07,0.1373823795883263,0.05,9.81,0.1,0.18,0,0.12,0.004,0.03,False,nan,nan,nan,nan,nan,Error in Opti::solve [OptiNode] at .../casadi/core
inertia,2.0,0.66888888892,1565.0367402633153,0.1,6.182207081474683e-07,0.1373823795883263,0.05,9.81,0.1,0.18,1,0.12,0.01,0.03,True,0.10078536993264538,0.008324585730494414,0.012198112041808954,0.05000000000000235,7.405309000585992,
inertia,2.0,0.66888888892,1565.0367402633153,0.1,6.182207081474683e-07,0.1373823795883263,0.05,9.81,0.1,0.18,2,0.18,0.004,0.03,True,0.10078536085566066,0.008324585113578692,0.012198112125390147,0.05000000000000025,7.405309000584686,
inertia,2.0,0.66888888892,1565.0367402633153,0.1,6.182207081474683e-07,0.1373823795883263,0.05,9.81,0.1,0.18,3,0.18,0.01,0.03,True,0.10078536069548408,0.008324585103390618,0.012198112126566745,0.050000000000738606,7.4053090009308615,
inertia,2.0,0.66888888892,1565.0367402633153,0.1,7.246179124024227e-07,0.16102620275609392,0.05,9.81,0.1,0.18,0,0.12,0.004,0.03,True,0.10000006894150987,0.008174231633904969,0.012398044192692128,0.05000000004023596,7.449182499374216,
inertia,2.0,0.66888888892,1565.0367402633153,0.1,7.246179124024227e-07,0.16102620275609392,0.05,9.81,0.1,0.18,1,0.12,0.01,0.03,True,0.09999999041628296,0.008174227566568954,0.012398044381467906,0.04999999999999986,7.449182513576887,
inertia,2.0,0.66888888892,1565.0367402633153,0.1,7.246179124024227e-07,0.16102620275609392,0.05,9.81,0.1,0.18,2,0.18,0.004,0.03,True,0.1000005803188203,0.00817425897637982,0.012398042590018145,0.05000000015197029,7.449182277334572,
inertia,2.0,0.66888888892,1565.0367402633153,0.1,7.246179124024227e-07,0.16102620275609392,0.05,9.81,0.1,0.18,3,0.18,0.01,0.03,True,0.0999999901909011,0.008174227554216014,0.012398044382320597,0.05000000000003831,7.4491825136991565,
inertia,2.0,0.66888888892,1565.0367402633153,0.1,8.493263199607937e-07,0.18873918221350972,0.05,9.81,0.1,0.18,0,0.12,0.004,0.03,True,0.10000007420864834,0.008066286515476462,0.012626254154734552,0.04999999991853558,7.497040128799961,
inertia,2.0,0.66888888892,1565.0367402633153,0.1,8.493263199607937e-07,0.18873918221350972,0.05,9.81,0.1,0.18,1,0.12,0.01,0.03,True,0.09999999018509723,0.008066285061662843,0.01262625296713153,0.0499999999337455,7.497040205568322,
inertia,2.0,0.66888888892,1565.0367402633153,0.1,8.493263199607937e-07,0.18873918221350972,0.05,9.81,0.1,0.18,2,0.18,0.004,0.03,True,0.09999999009140334,0.00806628509468851,0.012626252949910466,0.04999999995412425,7.497040208981992,
inertia,2.0,0.66888888892,1565.0367402633153,0.1,8.493263199607937e-07,0.18873918221350972,0.05,9.81,0.1,0.18,3,0.18,0.01,0.03,True,0.09999999009062287,0.008066285105261172,0.012626252946737304,0.0499999999999835,7.497040219200783,
inertia,2.0,0.66888888892,1565.0367402633153,0.1,9.954973309817022e-07,0.2212216291070449,0.05,9.81,0.1,0.18,0,0.12,0.004,0.03,True,0.09999999011379146,0.007949005308238269,0.012894659919829276,0.049999999954068744,7.548601671491254,
inertia,2.0,0.66888888892,1565.0367402633153,0.1,9.954973309817022e-07,0.2212216291070449,0.05,9.81,0.1,0.18,1,0.12,0.01,0.03,True,0.09999999011253224,0.007949005311657414,0.012894659919469083,0.049999999987419455,7.548601679118576,
inertia,2.0,0.66888888892,1565.0367402633153,0.1,9.954973309817022e-07,0.2212216291070449,0.05,9.81,0.1,0.18,2,0.18,0.004,0.03,True,0.1000000007051871,0.007949042769874926,0.012894641045437562,0.0500000030905365,7.548601819809681,
inertia,2.0,0.66888888892,1565.0367402633153,0.1,9.954973309817022e-07,0.2212216291070449,0.05,9.81,0.1,0.18,3,0.18,0.01,0.03,True,0.0999999900579714,0.00794900531367556,0.012894659917651954,0.049999999999999975,7.5486016820260815,
inertia,2.0,0.66888888892,1565.0367402633153,0.1,1.1668247088321002e-06,0.2592943797404667,0.05,9.81,0.1,0.18,0,0.12,0.004,0.03,True,0.09999999024930516,0.007825492116198795,0.013207614238117288,0.049999999953118275,7.603343941549624,
inertia,2.0,0.66888888892,1565.0367402633153,0.1,1.1668247088321002e-06,0.2592943797404667,0.05,9.81,0.1,0.18,1,0.12,0.01,0.03,True,0.09999999007808164,0.007825492297111457,0.01320761413302833,0.04999999999999999,7.6033439462680406,
inertia,2.0,0.66888888892,1565.0367402633153,0.1,1.1668247088321002e-06,0.2592943797404667,0.05,9.81,0.1,0.18,2,0.18,0.004,0.03,True,0.09999999003977465,0.007825492297545892,0.013207614131792344,0.050000000000000024,7.60334394635227,
inertia,2.0,0.66888888892,1565.0367402633153,0.1,1.1668247088321002e-06,0.2592943797404667,0.05,9.81,0.1,0.18,3,0.18,0.01,0.03,True,0.09999999026652913,0.00782549229496969,0.013207614139111201,0.04999999999999957,7.60334394585383,
inertia,2.0,0.66888888892,1565.0367402633153,0.1,1.3676379220409388e-06,0.30391953823131973,0.05,9.81,0.1,0.18,0,0.12,0.004,0.03,True,0.09999999005729657,0.007699930672919456,0.013569016949158087,0.05000000000000002,7.660423971864792,
inertia,2.0,0.66888888892,1565.0367402633153,0.1,1.3676379220409388e-06,0.30391953823131973,0.05,9.81,0.1,0.18,1,0.12,0.01,0.03,True,0.09999999795148798,0.007699930172589705,0.013569017471954107,0.049999999968625766,7.660423941021469,
inertia,2.0,0.66888888892,1565.0367402633153,0.1,1.3676379220409388e-06,0.30391953823131973,0.05,9.81,0.1,0.18,2,0.18,0.004,0.03,True,0.10000003516481806,0.00769992877244668,0.013569019362380995,0.050000000000005804,7.660423836722253,
inertia,2.0,0.66888888892,1565.0367402633153,0.1,1.3676379220409388e-06,0.30391953823131973,0.05,9.81,0.1,0.18,3,0.18,0.01,0.03,True,0.10000002379331241,0.007699929252066215,0.013569018753687564,0.049999999999999996,7.6604238707898835,
inertia,2.0,0.66888888892,1565.0367402633153,0.1,1.603011550618099e-06,0.3562247890262442,0.05,9.81,0.1,0.18,0,0.12,0.004,0.03,True,0.0999999900439339,0.007577544134529372,0.013981928970304612,0.04999999999999993,7.718606504304968,
inertia,2.0,0.66888888892,1565.0367402633153,0.1,1.603011550618099e-06,0.3562247890262442,0.05,9.81,0.1,0.18,1,0.12,0.01,0.03,True,0.09999999004393535,0.007577544134529491,0.013981928970304577,0.04999999999999994,7.71860650430496,
inertia,2.0,0.66888888892,1565.0367402633153,0.1,1.603011550618099e-06,0.3562247890262442,0.05,9.81,0.1,0.18,2,0.18,0.004,0.03,True,0.09999999069024017,0.007577544082737242,0.013981929023913653,0.050000000000000044,7.718606501779741,
inertia,2.0,0.66888888892,1565.0367402633153,0.1,1.603011550618099e-06,0.3562247890262442,0.05,9.81,0.1,0.18,3,0.18,0.01,0.03,True,0.0999999912138116,0.007577544041066795,0.013981929067140256,0.04999999999878213,7.718606499327625,
inertia,2.0,0.66888888892,1565.0367402633153,0.1,1.8788935214521807e-06,0.41753189365604015,0.05,9.81,0.1,0.18,0,0.12,0.004,0.03,True,0.09999999003479804,0.007464419153495963,0.014448166043417372,0.04999999999893253,7.776207594519301,
inertia,2.0,0.66888888892,1565.0367402633153,0.1,1.8788935214521807e-06,0.41753189365604015,0.05,9.81,0.1,0.18,1,0.12,0.01,0.03,True,0.099999990032979,0.0074644191545625415,0.014448166042641968,0.05000000000000262,7.776207594740004,
inertia,2.0,0.66888888892,1565.0367402633153,0.1,1.8788935214521807e-06,0.41753189365604015,0.05,9.81,0.1,0.18,2,0.18,0.004,0.03,True,0.09999999001772636,0.007464419156863192,0.014448166040498107,0.04999999999998164,7.776207594810313,
inertia,2.0,0.66888888892,1565.0367402633153,0.1,1.8788935214521807e-06,0.41753189365604015,0.05,9.81,0.1,0.18,3,0.18,0.01,0.03,True,0.09999999258477532,0.007464418830496376,0.01444816635753555,0.04999999999999975,7.776207582151376,
inertia,2.0,0.66888888892,1565.0367402633153,0.1,2.2022554133148722e-06,0.4893900918477494,0.05,9.81,0.1,0.18,0,0.12,0.004,0.03,True,0.09999999749481125,0.007367172136073505,0.014967993596951553,0.04999999999997776,7.831076491911727,
inertia,2.0,0.66888888892,1565.0367402633153,0.1,2.2022554133148722e-06,0.4893900918477494,0.05,9.81,0.1,0.18,1,0.12,0.01,0.03,True,0.09999999002752176,0.007367173515064978,0.014967992265866734,0.04999999999995448,7.8310765372145505,
inertia,2.0,0.66888888892,1565.0367402633153,0.1,2.2022554133148722e-06,0.4893900918477494,0.05,9.81,0.1,0.18,2,0.18,0.004,0.03,True,0.09999999083648892,0.007367173362900464,0.014967992411961208,0.049999999994533646,7.8310765309789945,
inertia,2.0,0.66888888892,1565.0367402633153,0.1,2.2022554133148722e-06,0.4893900918477494,0.05,9.81,0.1,0.18,3,0.18,0.01,0.03,True,0.09999999104365832,0.007367173327525004,0.014967992446913787,0.04999999999999988,7.831076531062724,
inertia,2.0,0.66888888892,1565.0367402633153,0.1,2.5812686297019055e-06,0.5736152510448679,0.05,9.81,0.1,0.18,0,0.12,0.004,0.03,True,0.09999999061648324,0.007292496748677626,0.01554003377177976,0.049999999999500326,7.880640685041058,
inertia,2.0,0.66888888892,1565.0367402633153,0.1,2.5812686297019055e-06,0.5736152510448679,0.05,9.81,0.1,0.18,1,0.12,0.01,0.03,True,0.09999999002349787,0.007292496899726958,0.015540033623082478,0.04999999999997468,7.880640689485892,
inertia,2.0,0.66888888892,1565.0367402633153,0.1,2.5812686297019055e-06,0.5736152510448679,0.05,9.81,0.1,0.18,2,0.18,0.004,0.03,True,0.09999999125228125,0.007292496587788411,0.015540033930406823,0.04999999999994626,7.88064068050841,
inertia,2.0,0.66888888892,1565.0367402633153,0.1,2.5812686297019055e-06,0.5736152510448679,0.05,9.81,0.1,0.18,3,0.18,0.01,0.03,True,0.09999999032591524,0.007292496822917478,0.015540033698750942,0.04999999999999436,7.880640687285472,
inertia,2.0,0.66888888892,1565.0367402633153,0.1,3.0255108914247018e-06,0.6723357536499337,0.05,9.81,0.1,0.18,0,0.12,0.004,0.03,True,0.09999999001995474,0.0072466491877248625,0.01616149230613559,0.0499999999996857,7.922029214944708,
inertia,2.0,0.66888888892,1565.0367402633153,0.1,3.0255108914247018e-06,0.6723357536499337,0.05,9.81,0.1,0.18,1,0.12,0.01,0.03,True,0.09999999001996245,0.007246649187691298,0.016161492306181805,0.04999999999999624,7.922029215025518,
inertia,2.0,0.66888888892,1565.0367402633153,0.1,3.0255108914247018e-06,0.6723357536499337,0.05,9.81,0.1,0.18,2,0.18,0.004,0.03,True,0.09999999003364785,0.007246649183101131,0.016161492310853703,0.0499999999999979,7.922029214908272,
inertia,2.0,0.66888888892,1565.0367402633153,0.1,3.0255108914247018e-06,0.6723357536499337,0.05,9.81,0.1,0.18,3,0.18,0.01,0.03,True,0.09999999001017273,0.007246649190992448,0.016161492302820796,0.04999999999993121,7.922029215092385,
inertia,2.0,0.66888888892,1565.0367402633153,0.1,3.5462082670514603e-06,0.7880462815669912,0.05,9.81,0.1,0.18,0,0.12,0.004,0.03,True,0.09999999001727845,0.007235037342239835,0.016828640052198397,0.04999999999999999,7.952272013369347,
inertia,2.0,0.66888888892,1565.0367402633153,0.1,3.5462082670514603e-06,0.7880462815669912,0.05,9.81,0.1,0.18,1,0.12,0.01,0.03,True,0.10000000257807438,0.007235031948138913,0.01682864574555865,0.049999999998290225,7.9522718881228975,
inertia,2.0,0.66888888892,1565.0367402633153,0.1,3.5462082670514603e-06,0.7880462815669912,0.05,9.81,0.1,0.18,2,0.18,0.004,0.03,True,0.09999999000880155,0.007235037345880002,0.016828640048356207,0.049999999999999774,7.952272013453518,
inertia,2.0,0.66888888892,1565.0367402633153,0.1,3.5462082670514603e-06,0.7880462815669912,0.05,9.81,0.1,0.18,3,0.18,0.01,0.03,True,0.09999999000854987,0.007235037345858803,0.016828640048358677,0.04999999999986743,7.952272013422322,
inertia,2.0,0.66888888892,1565.0367402633153,0.1,4.156518857343237e-06,0.9236708571873861,0.05,9.81,0.1,0.18,0,0.12,0.004,0.03,True,0.09999999001522121,0.0072619744809141774,0.017537459315184908,0.04999999999999995,7.968545275379223,
inertia,2.0,0.66888888892,1565.0367402633153,0.1,4.156518857343237e-06,0.9236708571873861,0.05,9.81,0.1,0.18,1,0.12,0.01,0.03,True,0.09999999001520178,0.00726197448091364,0.01753745931518251,0.049999999999962796,7.9685452753699755,
inertia,2.0,0.66888888892,1565.0367402633153,0.1,4.156518857343237e-06,0.9236708571873861,0.05,9.81,0.1,0.18,2,0.18,0.004,0.03,True,0.09999999000771893,0.007261974484909716,0.0175374593108133,0.04999999999998641,7.968545275460352,
inertia,2.0,0.66888888892,1565.0367402633153,0.1,4.156518857343237e-06,0.9236708571873861,0.05,9.81,0.1,0.18,3,0.18,0.01,0.03,True,0.09999999000754983,0.007261974484905082,0.01753745931080233,0.04999999999982205,7.9685452754204125,
inertia,2.0,0.66888888892,1565.0367402633153,0.1,4.871865302433246e-06,1.0826367338740546,0.05,9.81,0.1,0.18,0,0.12,0.004,0.03,True,0.09999999001364104,0.007330659224258171,0.018284252151842654,0.04999999999999995,7.968417174430922,
inertia,2.0,0.66888888892,1565.0367402633153,0.1,4.871865302433246e-06,1.0826367338740546,0.05,9.81,0.1,0.18,1,0.12,0.01,0.03,True,0.0999999900136676,0.007330659227264723,0.01828425214808875,0.04999999998956083,7.968417171643188,
inertia,2.0,0.66888888892,1565.0367402633153,0.1,4.871865302433246e-06,1.0826367338740546,0.05,9.81,0.1,0.18,2,0.18,0.004,0.03,True,0.09999999130123968,0.007330658381391039,0.01828425310233698,0.04999999999288281,7.968417156360476,
inertia,2.0,0.66888888892,1565.0367402633153,0.1,4.871865302433246e-06,1.0826367338740546,0.05,9.81,0.1,0.18,3,0.18,0.01,0.03,True,0.09999999108689935,0.00733065850834719,0.018284252958539048,0.04999999999798073,7.968417161039761,
inertia,2.0,0.66888888892,1565.0367402633153,0.1,5.71032451425565e-06,1.2689610031679222,0.05,9.81,0.1,0.18,0,0.12,0.004,0.03,True,0.15412227668990527,0.010353169800128958,0.018533880791085935,0.0500000123160106,7.535885360064716,
inertia,2.0,0.66888888892,1565.0367402633153,0.1,5.71032451425565e-06,1.2689610031679222,0.05,9.81,0.1,0.18,1,0.12,0.01,0.03,True,0.09999999001241888,0.007443338681347295,0.019066075023869658,0.05,7.950045866530342,
inertia,2.0,0.66888888892,1565.0367402633153,0.1,5.71032451425565e-06,1.2689610031679222,0.05,9.81,0.1,0.18,2,0.18,0.004,0.03,True,0.09999999000618014,0.007443338686085327,0.019066075018344973,0.049999999999499216,7.950045866490746,
inertia,2.0,0.66888888892,1565.0367402633153,0.1,5.71032451425565e-06,1.2689610031679222,0.05,9.81,0.1,0.18,3,0.18,0.01,0.03,True,0.09999999033501626,0.00744333842225012,0.01906607532231579,0.04999999997927279,7.950045857233772,
inertia,2.0,0.66888888892,1565.0367402633153,0.1,6.693084482820799e-06,1.487352107293511,0.05,9.81,0.1,0.18,0,0.12,0.004,0.03,True,0.09999999240754018,0.007601572607405452,0.019880950226033384,0.04999999987415756,7.912297337930976,
inertia,2.0,0.66888888892,1565.0367402633153,0.1,6.693084482820799e-06,1.487352107293511,0.05,9.81,0.1,0.18,1,0.12,0.01,0.03,True,0.09999999001146048,0.007601574799822479,0.019880947643277875,0.049999999999981684,7.912297406157699,
inertia,2.0,0.66888888892,1565.0367402633153,0.1,6.693084482820799e-06,1.487352107293511,0.05,9.81,0.1,0.18,2,0.18,0.004,0.03,True,0.09999999001994295,0.007644940207326262,0.01983257907223146,0.0500000049914571,7.912231360082949,
inertia,2.0,0.66888888892,1565.0367402633153,0.1,6.693084482820799e-06,1.487352107293511,0.05,9.81,0.1,0.18,3,0.18,0.01,0.03,True,0.09999999000582645,0.007601574805017165,0.019880947637140794,0.04999999999995315,7.912297406234379,
inertia,2.0,0.66888888892,1565.0367402633153,0.1,7.844979699899946e-06,1.743328822199988,0.05,9.81,0.1,0.18,0,0.12,0.004,0.03,True,0.09999999001074245,0.007806532950392205,0.020727866281102004,0.04999999999912794,7.854774623258092,
inertia,2.0,0.66888888892,1565.0367402633153,0.1,7.844979699899946e-06,1.743328822199988,0.05,9.81,0.1,0.18,1,0.12,0.01,0.03,True,0.09999999189509741,0.007806530900409981,0.02072786872600598,0.049999999871935104,7.854774561531857,
inertia,2.0,0.66888888892,1565.0367402633153,0.1,7.844979699899946e-06,1.743328822199988,0.05,9.81,0.1,0.18,2,0.18,0.004,0.03,True,0.0999999954911166,0.007809302742716721,0.02072470003411994,0.05000000371429983,7.854774398252737,
inertia,2.0,0.66888888892,1565.0367402633153,0.1,7.844979699899946e-06,1.743328822199988,0.05,9.81,0.1,0.18,3,0.18,0.01,0.03,True,0.09999999000536215,0.007806532956116855,0.020727866274274916,0.049999999999597866,7.854774623463434,
inertia,2.0,0.66888888892,1565.0367402633153,0.1,9.195118730356238e-06,2.0433597178569416,0.05,9.81,0.1,0.18,0,0.12,0.004,0.03,True,0.09999999073382684,0.008059236887230571,0.021606693290568125,0.04999999997492155,7.777768731691766,
inertia,2.0,0.66888888892,1565.0367402633153,0.1,9.195118730356238e-06,2.0433597178569416,0.05,9.81,0.1,0.18,1,0.12,0.01,0.03,True,0.09999999143704238,0.008059236078700486,0.021606694261116458,0.049999999859224424,7.777768690313183,
inertia,2.0,0.66888888892,1565.0367402633153,0.1,9.195118730356238e-06,2.0433597178569416,0.05,9.81,0.1,0.18,2,0.18,0.004,0.03,True,0.1800000071188693,0.0010000893681033276,0.10094709242908632,0.05000000695033713,1.4800380245529645,
inertia,2.0,0.66888888892,1565.0367402633153,0.1,9.195118730356238e-06,2.0433597178569416,0.05,9.81,0.1,0.18,3,0.18,0.01,0.03,True,0.09999999000512262,0.008059237792955606,0.021606692199827877,0.049999999999503664,7.777768750035867,
inertia,2.0,0.66888888892,1565.0367402633153,0.1,1.0777619789943688e-05,2.395026619987486,0.05,9.81,0.1,0.18,0,0.12,0.004,0.03,True,0.09999999000974387,0.008360772411044663,0.02251798603507525,0.049999999999909436,7.682157356660533,
inertia,2.0,0.66888888892,1565.0367402633153,0.1,1.0777619789943688e-05,2.395026619987486,0.05,9.81,0.1,0.18,1,0.12,0.01,0.03,True,0.09999999043042977,0.00836077178912145,0.022517986778733394,0.049999999892398866,7.682157323425217,
inertia,2.0,0.66888888892,1565.0367402633153,0.1,1.0777619789943688e-05,2.395026619987486,0.05,9.81,0.1,0.18,2,0.18,0.004,0.03,True,0.18000000747620992,0.0010005871149172127,0.10440033439698686,0.049999996882298114,1.4710118042097005,
inertia,2.0,0.66888888892,1565.0367402633153,0.1,1.0777619789943688e-05,2.395026619987486,0.05,9.81,0.1,0.18,3,0.18,0.01,0.03,True,0.099999990004937,0.008360772417765991,0.022517986026939326,0.049999999999767494,7.682157356711124,
inertia,2.0,0.66888888892,1565.0367402633153,0.1,1.2632472917735297e-05,2.807216203941177,0.05,9.81,0.1,0.18,0,0.12,0.004,0.03,True,0.09999999275927085,0.008712415130914267,0.023462843443182183,0.04999999996833788,7.569274481469637,
inertia,2.0,0.66888888892,1565.0367402633153,0.1,1.2632472917735297e-05,2.807216203941177,0.05,9.81,0.1,0.18,1,0.12,0.01,0.03,True,0.09999999000942911,0.008712419391791815,0.02346283830456934,0.04999999999999591,7.569274539151304,
inertia,2.0,0.66888888892,1565.0367402633153,0.1,1.2632472917735297e-05,2.807216203941177,0.05,9.81,0.1,0.18,2,0.18,0.004,0.03,True,0.18000000972033653,0.0010000329920475826,0.10842594119327698,0.050000004377985297,1.4561988437246018,
inertia,2.0,0.66888888892,1565.0367402633153,0.1,1.2632472917735297e-05,2.807216203941177,0.05,9.81,0.1,0.18,3,0.18,0.01,0.03,True,0.09999999000480253,0.008712419399205291,0.023462838295635065,0.0499999999999918,7.569274539234525,
inertia,2.0,0.66888888892,1565.0367402633153,0.1,1.4806550530407005e-05,3.2903445623126677,0.05,9.81,0.1,0.18,0,0.12,0.004,0.03,True,0.17999897194369727,0.0009999941222684282,0.11293425112328528,0.05000000476629268,1.437234645331161,
inertia,2.0,0.66888888892,1565.0367402633153,0.1,1.4806550530407005e-05,3.2903445623126677,0.05,9.81,0.1,0.18,1,0.12,0.01,0.03,True,0.09999999081266177,0.009115752124175999,0.024442725064248796,0.049999999946111484,7.4407752900071635,
inertia,2.0,0.66888888892,1565.0367402633153,0.1,1.4806550530407005e-05,3.2903445623126677,0.05,9.81,0.1,0.18,2,0.18,0.004,0.03,True,0.18000000853754153,0.0010002949557272002,0.1129096602855502,0.05000000040692637,1.4376172295309582,
inertia,2.0,0.66888888892,1565.0367402633153,0.1,1.4806550530407005e-05,3.2903445623126677,0.05,9.81,0.1,0.18,3,0.18,0.01,0.03,True,0.09999999000468549,0.00911575357056834,0.024442723337349676,0.049999999999946323,7.440775317910189,
inertia,2.0,0.66888888892,1565.0367402633153,0.1,1.7354791895235624e-05,3.856620421163472,0.05,9.81,0.1,0.18,0,0.12,0.004,0.03,True,0.09999999031025572,0.009573842680719716,0.025458075097454975,0.050000005000110655,7.298510043366312,
inertia,2.0,0.66888888892,1565.0367402633153,0.1,1.7354791895235624e-05,3.856620421163472,0.05,9.81,0.1,0.18,1,0.12,0.01,0.03,True,0.09999999000887405,0.009572699707731551,0.02545938598754185,0.04999999999701933,7.298509579973461,
inertia,2.0,0.66888888892,1565.0367402633153,0.1,1.7354791895235624e-05,3.856620421163472,0.05,9.81,0.1,0.18,2,0.18,0.004,0.03,True,0.09999999000460542,0.009572699716869542,0.025459385976958102,0.04999999999999455,7.298509580739269,
inertia,2.0,0.66888888892,1565.0367402633153,0.1,1.7354791895235624e-05,3.856620421163472,0.05,9.81,0.1,0.18,3,0.18,0.01,0.03,True,0.09999999000459175,0.009572699716862008,0.025459385976952263,0.049999999999800655,7.298509580694894,
inertia,2.0,0.66888888892,1565.0367402633153,0.1,2.0341591453621092e-05,4.520353656360243,0.05,9.81,0.1,0.18,0,0.12,0.004,0.03,True,0.09999999038363933,0.01008636744780337,0.026513854686697112,0.05000000499925918,7.144414756234095,
inertia,2.0,0.66888888892,1565.0367402633153,0.1,2.0341591453621092e-05,4.520353656360243,0.05,9.81,0.1,0.18,1,0.12,0.01,0.03,True,0.09999999000804415,0.010085567095175389,0.026514760493958605,0.04999999999830023,7.1444142777118556,
inertia,2.0,0.66888888892,1565.0367402633153,0.1,2.0341591453621092e-05,4.520353656360243,0.05,9.81,0.1,0.18,2,0.18,0.004,0.03,True,0.09999999000455717,0.01008556710637041,0.026514760480512482,0.04999999999135333,7.144414276201829,
inertia,2.0,0.66888888892,1565.0367402633153,0.1,2.0341591453621092e-05,4.520353656360243,0.05,9.81,0.1,0.18,3,0.18,0.01,0.03,True,0.09999999000455226,0.01008556710588033,0.026514760481691123,0.04999999999990848,7.144414278142415,
inertia,2.0,0.66888888892,1565.0367402633153,0.1,2.3842426078276685e-05,5.298316906283707,0.05,9.81,0.1,0.18,0,0.12,0.004,0.03,True,0.17999991105169116,0.0009999909931397537,0.12996211834023758,0.05000000498927126,1.3499950183874903,
inertia,2.0,0.66888888892,1565.0367402633153,0.1,2.3842426078276685e-05,5.298316906283707,0.05,9.81,0.1,0.18,1,0.12,0.01,0.03,True,0.09999999043721894,0.010657069033064773,0.02761091790871283,0.049999999981978835,6.980427301751627,
inertia,2.0,0.66888888892,1565.0367402633153,0.1,2.3842426078276685e-05,5.298316906283707,0.05,9.81,0.1,0.18,2,0.18,0.004,0.03,True,0.0999999916674944,0.010657065959392299,0.027610921429845864,0.0499999999925658,6.980427280379097,
inertia,2.0,0.66888888892,1565.0367402633153,0.1,2.3842426078276685e-05,5.298316906283707,0.05,9.81,0.1,0.18,3,0.18,0.01,0.03,True,0.09999999000453265,0.010657070129603279,0.02761091665466412,0.04999999999987711,6.980427314055324,
inertia,2.0,0.66888888892,1565.0367402633153,0.1,2.7945762385120276e-05,6.2101694189156165,0.05,9.81,0.1,0.18,0,0.12,0.004,0.03,True,0.1800000036378762,0.0009999904471357424,0.13693488020423214,0.05000000499143206,1.3116011705869501,
inertia,2.0,0.66888888892,1565.0367402633153,0.1,2.7945762385120276e-05,6.2101694189156165,0.05,9.81,0.1,0.18,1,0.12,0.01,0.03,True,0.09999999951838842,0.011320050777934243,0.02871762417943561,0.05000000499920129,6.808410976820839,
inertia,2.0,0.66888888892,1565.0367402633153,0.1,2.7945762385120276e-05,6.2101694189156165,0.05,9.81,0.1,0.18,2,0.18,0.004,0.03,True,0.09999999000453422,0.011290862834201058,0.02874945767496225,0.05000000497412963,6.8084234985741166,
inertia,2.0,0.66888888892,1565.0367402633153,0.1,2.7945762385120276e-05,6.2101694189156165,0.05,9.81,0.1,0.18,3,0.18,0.01,0.03,True,0.09999999012227251,0.011290341233958162,0.028750027222626044,0.04999999999779484,6.808423011304637,
inertia,2.0,0.66888888892,1565.0367402633153,0.1,3.2755292297924174e-05,7.27895384398315,0.05,9.81,0.1,0.18,0,0.12,0.004,0.03,True,0.09999999000895449,0.011988942732395796,0.029934348207922436,0.04999999999836736,6.630166996393306,
inertia,2.0,0.66888888892,1565.0367402633153,0.1,3.2755292297924174e-05,7.27895384398315,0.05,9.81,0.1,0.18,1,0.12,0.01,0.03,True,0.09999999000892114,0.011988942732654028,0.029934348207719886,0.049999999999330566,6.630166996596729,
inertia,2.0,0.66888888892,1565.0367402633153,0.1,3.2755292297924174e-05,7.27895384398315,0.05,9.81,0.1,0.18,2,0.18,0.004,0.03,True,0.10000001728977975,0.012000375173975609,0.029922127790829953,0.05000000476560656,6.630165335914552,
inertia,2.0,0.66888888892,1565.0367402633153,0.1,3.2755292297924174e-05,7.27895384398315,0.05,9.81,0.1,0.18,3,0.18,0.01,0.03,True,0.09999999251721764,0.011988934848979838,0.02993435684468356,0.04999999988530357,6.630166924649856,
inertia,2.0,0.66888888892,1565.0367402633153,0.1,3.839255335877763e-05,8.531678524172806,0.05,9.81,0.1,0.18,0,0.12,0.004,0.03,True,0.09999999057871697,0.012767899605970847,0.031154700406765823,0.05000000416315738,6.4472863799492615,
inertia,2.0,0.66888888892,1565.0367402633153,0.1,3.839255335877763e-05,8.531678524172806,0.05,9.81,0.1,0.18,1,0.12,0.01,0.03,True,0.0999999900217852,0.012756873172075687,0.031166215513921045,0.049999999999990594,6.447287337659521,
inertia,2.0,0.66888888892,1565.0367402633153,0.1,3.839255335877763e-05,8.531678524172806,0.05,9.81,0.1,0.18,2,0.18,0.004,0.03,True,0.1000000373282755,0.012759608806086679,0.03116336163183398,0.05000000483528287,6.447286812428816,
inertia,2.0,0.66888888892,1565.0367402633153,0.1,3.839255335877763e-05,8.531678524172806,0.05,9.81,0.1,0.18,3,0.18,0.01,0.03,True,0.10000001017094536,0.012756800283567907,0.03116629344760496,0.0499999999949809,6.44728695376967,
inertia,2.0,0.66888888892,1565.0367402633153,0.1,4.5e-05,10.0,0.05,9.81,0.1,0.18,0,0.12,0.004,0.03,True,0.10000001098329585,0.013598493021713738,0.032448132703046445,0.04999999664105834,6.261257995479516,
inertia,2.0,0.66888888892,1565.0367402633153,0.1,4.5e-05,10.0,0.05,9.81,0.1,0.18,1,0.12,0.01,0.03,True,0.09999999010010867,0.013598581202194817,0.03244804148818135,0.04999999999995678,6.261258704967602,
inertia,2.0,0.66888888892,1565.0367402633153,0.1,4.5e-05,10.0,0.05,9.81,0.1,0.18,2,0.18,0.004,0.03,True,0.1799999913220755,0.0010000345351027003,0.1623477427175126,0.05000000394783641,1.176385505445007,
inertia,2.0,0.66888888892,1565.0367402633153,0.1,4.5e-05,10.0,0.05,9.81,0.1,0.18,3,0.18,0.01,0.03,True,0.0999999901012483,0.013612034143127715,0.03243434515122272,0.05000000477533509,6.261257538502944,
