R,k,m,I,final_com_velocity,end_time,motor_angle,bottom_height
3.000000000000000062e-03,1.000000000000000000e+04,3.600000000000000091e-05,1.879199999999999828e-10,4.572796302550945491e+00,6.378797248493078831e-02,6.626090063852979029e+01,9.249999999999999889e-02
3.000000000000000062e-03,1.083110727436042180e+04,3.600000000000000091e-05,1.879199999999999828e-10,4.595608934639096255e+00,6.315892784159460316e-02,6.534841307555666390e+01,9.250000000000001277e-02
3.000000000000000062e-03,1.173128847887029951e+04,3.600000000000000091e-05,1.879199999999999828e-10,4.613068172248659060e+00,6.257052621552430804e-02,6.449875402854554807e+01,9.250000000000008216e-02
3.000000000000000062e-03,1.270628439811126918e+04,3.600000000000000091e-05,1.879199999999999828e-10,4.625033160798241560e+00,6.202296081213623524e-02,6.371189155374527502e+01,9.249999999999998501e-02
3.000000000000000062e-03,1.376231293744750110e+04,3.600000000000000091e-05,1.879199999999999828e-10,4.631608305271668335e+00,6.151641327121492447e-02,6.298776170958490184e+01,9.249999999999997113e-02
3.000000000000000062e-03,1.490610877688121582e+04,3.600000000000000091e-05,1.879199999999999828e-10,4.633020305837374231e+00,6.105100581206596849e-02,6.232619334501193009e+01,9.249999999999999889e-02
3.000000000000000062e-03,1.614496632056855196e+04,3.600000000000000091e-05,1.879199999999999828e-10,4.629688409390904091e+00,6.062673951125381600e-02,6.172681175240101936e+01,9.250000000000004052e-02
3.000000000000000062e-03,1.748678621590140392e+04,3.600000000000000091e-05,1.879199999999999828e-10,4.622243977875040599e+00,6.024341795614637785e-02,6.118892101677816697e+01,9.249999999999997113e-02
3.000000000000000062e-03,1.894012573882348443e+04,3.600000000000000091e-05,1.879199999999999828e-10,4.611499026401547852e+00,5.990055542747552142e-02,6.071135788613290174e+01,9.249999999999999889e-02
3.000000000000000062e-03,2.051425336670720935e+04,3.600000000000000091e-05,1.879199999999999828e-10,4.598474805562113410e+00,5.959725962863562237e-02,6.029231680616799594e+01,9.249999999999997113e-02
3.000000000000000062e-03,2.221920788682152124e+04,3.600000000000000091e-05,1.879199999999999828e-10,4.584447109580951363e+00,5.933210795699364604e-02,5.992916008784222726e+01,9.250000000000006828e-02
3.000000000000000062e-03,2.406586241734785290e+04,3.600000000000000091e-05,1.879199999999999828e-10,4.570935422920842761e+00,5.910302047943493536e-02,5.961823141023013051e+01,9.249999999999997113e-02
3.000000000000000062e-03,2.606599374922933930e+04,3.600000000000000091e-05,1.879199999999999828e-10,4.559641637076128795e+00,5.890714140455096531e-02,5.935468898735868493e+01,9.250000000000006828e-02
3.000000000000000062e-03,2.823235745107105686e+04,3.600000000000000091e-05,1.879199999999999828e-10,4.552365727119113359e+00,5.874075898808835128e-02,5.913240503925288749e+01,9.250000000000002665e-02
3.000000000000000062e-03,3.057876921606393807e+04,3.600000000000000091e-05,1.879199999999999828e-10,4.550884791470319435e+00,5.859929874682480444e-02,5.894398914014659852e+01,9.249999999999998501e-02
3.000000000000000062e-03,3.312019296970979485e+04,3.600000000000000091e-05,1.879199999999999828e-10,4.556767277700297214e+00,5.847742878007927692e-02,5.878099238629825862e+01,9.250000000000002665e-02
3.000000000000000062e-03,3.587283630024446029e+04,3.600000000000000091e-05,1.879199999999999828e-10,4.571223186842801489e+00,5.836930100911424946e-02,5.863432501780795292e+01,9.250000000000010991e-02
3.000000000000000062e-03,3.885425382035175426e+04,3.600000000000000091e-05,1.879199999999999828e-10,4.594778764580312647e+00,5.826892091984763739e-02,5.849487124448710773e+01,9.250000000000041522e-02
3.000000000000000062e-03,4.208345911934581090e+04,3.600000000000000091e-05,1.879199999999999828e-10,4.626882006221968879e+00,5.817062798874975127e-02,5.835425506204216362e+01,9.250000000000017930e-02
3.000000000000000062e-03,4.558104601977957645e+04,3.600000000000000091e-05,1.879199999999999828e-10,4.666681580714822530e+00,5.806960160272849059e-02,5.820562640349733385e+01,9.250000000000034583e-02
3.000000000000000062e-03,4.936931991177907184e+04,3.600000000000000091e-05,1.879199999999999828e-10,4.712352857055777555e+00,5.796231309427495038e-02,5.804433465306625095e+01,9.250000000000004052e-02
3.000000000000000062e-03,5.347244000266970397e+04,3.600000000000000091e-05,1.879199999999999828e-10,4.761107628628521660e+00,5.784684320265125190e-02,5.786836836809236928e+01,9.250000000000008216e-02
3.000000000000000062e-03,5.791657338907157828e+04,3.600000000000000091e-05,1.879199999999999828e-10,4.809851126109387920e+00,5.772301540007050702e-02,5.767848255679720637e+01,9.250000000000001277e-02
3.000000000000000062e-03,6.273006193404024089e+04,3.600000000000000091e-05,1.879199999999999828e-10,4.855656618534399449e+00,5.759236272258794198e-02,5.747805694510928731e+01,9.249999999999998501e-02
3.000000000000000062e-03,6.794360301348615030e+04,3.600000000000000091e-05,1.879199999999999828e-10,4.895326011751503614e+00,5.745791553585637840e-02,5.727267256119150574e+01,9.249999999999998501e-02
3.000000000000000062e-03,7.359044528456265107e+04,3.600000000000000091e-05,1.879199999999999828e-10,4.926514140175919820e+00,5.732384649470243648e-02,5.706947465766594263e+01,9.250000000000004052e-02
3.000000000000000062e-03,7.970660072450475127e+04,3.600000000000000091e-05,1.879199999999999828e-10,4.948072326328780690e+00,5.719498465059402043e-02,5.687634752047833331e+01,9.250000000000066502e-02
3.000000000000000062e-03,8.633107429217250319e+04,3.600000000000000091e-05,1.879199999999999828e-10,4.960190669773445471e+00,5.707620646203766940e-02,5.670091182139611163e+01,9.249999999999999889e-02
3.000000000000000062e-03,9.350611267692994443e+04,3.600000000000000091e-05,1.879199999999999828e-10,4.964725188937786804e+00,5.697169912905420547e-02,5.654933778200971517e+01,9.250000000000048461e-02
3.000000000000000062e-03,1.012774737212259060e+05,3.600000000000000091e-05,1.879199999999999828e-10,4.965309794194271653e+00,5.688411835577516368e-02,5.642502483141455372e+01,9.250000000000010991e-02
3.000000000000000062e-03,1.096947182350816292e+05,3.600000000000000091e-05,1.879199999999999828e-10,4.967010425590235201e+00,5.681374789254043517e-02,5.632734383831833469e+01,9.250000000000013767e-02
3.000000000000000062e-03,1.188115260634906881e+05,3.600000000000000091e-05,1.879199999999999828e-10,4.975340493225166583e+00,5.675791221170100459e-02,5.625087212856944774e+01,9.249999999999999889e-02
3.000000000000000062e-03,1.286860384224136797e+05,3.600000000000000091e-05,1.879199999999999828e-10,4.994665253190225584e+00,5.671104992400527456e-02,5.618578674521723570e+01,9.249999999999999889e-02
3.000000000000000062e-03,1.393812286865626520e+05,3.600000000000000091e-05,1.879199999999999828e-10,5.026367138858862660e+00,5.666583909517405176e-02,5.611998424766014892e+01,9.249999999999997113e-02
3.000000000000000062e-03,1.509653039936322020e+05,3.600000000000000091e-05,1.879199999999999828e-10,5.067676356372700752e+00,5.661532582073757619e-02,5.604273031426496487e+01,9.250000000000006828e-02
3.000000000000000062e-03,1.635121402261458861e+05,3.600000000000000091e-05,1.879199999999999828e-10,5.111734106777588771e+00,5.655540448914150170e-02,5.594864102199511535e+01,9.249999999999999889e-02
3.000000000000000062e-03,1.771017531449649832e+05,3.600000000000000091e-05,1.879199999999999828e-10,5.149519768259792407e+00,5.648657725156885911e-02,5.584019348072781952e+01,9.250000000000005440e-02
3.000000000000000062e-03,1.918208086790413945e+05,3.600000000000000091e-05,1.879199999999999828e-10,5.173256089885295061e+00,5.641408647347962574e-02,5.572738234587985318e+01,9.249999999999998501e-02
3.000000000000000062e-03,2.077631756257259403e+05,3.600000000000000091e-05,1.879199999999999828e-10,5.180112786050772300e+00,5.634612348479989957e-02,5.562424328364962633e+01,9.249999999999999889e-02
3.000000000000000062e-03,2.250305242864021857e+05,3.600000000000000091e-05,1.879199999999999828e-10,5.174497215195093425e+00,5.629058622410716001e-02,5.554324809104423366e+01,9.250000000000004052e-02
3.000000000000000062e-03,2.437329748551585071e+05,3.600000000000000091e-05,1.879199999999999828e-10,5.167460263725605962e+00,5.625135692557882428e-02,5.548929787833281324e+01,9.250000000000010991e-02
3.000000000000000062e-03,2.639897996955213021e+05,3.600000000000000091e-05,1.879199999999999828e-10,5.172301722792342460e+00,5.622569934030154093e-02,5.545598551896470951e+01,9.249999999999998501e-02
3.000000000000000062e-03,2.859301839839105378e+05,3.600000000000000091e-05,1.879199999999999828e-10,5.197181604187984583e+00,5.620470253903094016e-02,5.542722683960295882e+01,9.249999999999999889e-02
3.000000000000000062e-03,3.096940495707346709e+05,3.600000000000000091e-05,1.879199999999999828e-10,5.238653906479981082e+00,5.617772114394566779e-02,5.538546615213129343e+01,9.250000000000001277e-02
3.000000000000000062e-03,3.354329473131714622e+05,3.600000000000000091e-05,1.879199999999999828e-10,5.282001249132804332e+00,5.613892968964813435e-02,5.532267571509102311e+01,9.249999999999997113e-02
3.000000000000000062e-03,3.633110235703847138e+05,3.600000000000000091e-05,1.879199999999999828e-10,5.309809811087662368e+00,5.609126431834488002e-02,5.524595860102498790e+01,9.249999999999998501e-02
3.000000000000000062e-03,3.935060670248524402e+05,3.600000000000000091e-05,1.879199999999999828e-10,5.313427580149166829e+00,5.604453587627531569e-02,5.517304606550093382e+01,9.249999999999998501e-02
3.000000000000000062e-03,4.262106425057829474e+05,3.600000000000000091e-05,1.879199999999999828e-10,5.299962261493728732e+00,5.600905799260283424e-02,5.512088642213859657e+01,9.250000000000002665e-02
3.000000000000000062e-03,4.616333190454205032e+05,3.600000000000000091e-05,1.879199999999999828e-10,5.289467965408570116e+00,5.598831476508121796e-02,5.509356716132338505e+01,9.249999999999998501e-02
3.000000000000000062e-03,5.000000000000000000e+05,3.600000000000000091e-05,1.879199999999999828e-10,5.300734239209058174e+00,5.597584938596664172e-02,5.507822548422461750e+01,9.250000000000005440e-02
4.000000000000000083e-03,1.000000000000000000e+04,6.400000000000001066e-05,5.939200000000000542e-10,5.608912777481651624e+00,5.538459452289761636e-02,5.227248635465276294e+01,9.249999999999998501e-02
4.000000000000000083e-03,1.083110727436042180e+04,6.400000000000001066e-05,5.939200000000000542e-10,5.669889128343920781e+00,5.473069593181196374e-02,5.136079435771454627e+01,9.249999999999998501e-02
4.000000000000000083e-03,1.173128847887029951e+04,6.400000000000001066e-05,5.939200000000000542e-10,5.726020360241270701e+00,5.410723595211725662e-02,5.049660782975993101e+01,9.249999999999998501e-02
4.000000000000000083e-03,1.270628439811126918e+04,6.400000000000001066e-05,5.939200000000000542e-10,5.776814185647693556e+00,5.351408882322970101e-02,4.967938550411808052e+01,9.250000000000060951e-02
4.000000000000000083e-03,1.376231293744750110e+04,6.400000000000001066e-05,5.939200000000000542e-10,5.822004234226742625e+00,5.295116163979792651e-02,4.890863153936668795e+01,9.249999999999997113e-02
4.000000000000000083e-03,1.490610877688121582e+04,6.400000000000001066e-05,5.939200000000000542e-10,5.861506837436960105e+00,5.241839301345960211e-02,4.818389968918802424e+01,9.249999999999863887e-02
4.000000000000000083e-03,1.614496632056855196e+04,6.400000000000001066e-05,5.939200000000000542e-10,5.895246082551970801e+00,5.191574990448900168e-02,4.750478634487642893e+01,9.249999999999997113e-02
4.000000000000000083e-03,1.748678621590140392e+04,6.400000000000001066e-05,5.939200000000000542e-10,5.923137813447604039e+00,5.144321277178220964e-02,4.687090603457800597e+01,9.249999999999995726e-02
4.000000000000000083e-03,1.894012573882348443e+04,6.400000000000001066e-05,5.939200000000000542e-10,5.945161087580961734e+00,5.100076042335758425e-02,4.628185998595878203e+01,9.249999999999998501e-02
4.000000000000000083e-03,2.051425336670720935e+04,6.400000000000001066e-05,5.939200000000000542e-10,5.961406937450788313e+00,5.058834346277806676e-02,4.573720207359026091e+01,9.249999999999998501e-02
4.000000000000000083e-03,2.221920788682152124e+04,6.400000000000001066e-05,5.939200000000000542e-10,5.972094279645896897e+00,5.020586395696664123e-02,4.523640009513314908e+01,9.249999999999998501e-02
4.000000000000000083e-03,2.406586241734785290e+04,6.400000000000001066e-05,5.939200000000000542e-10,5.977594595333084904e+00,4.985314237150258870e-02,4.477878818287514662e+01,9.250000000000030420e-02
4.000000000000000083e-03,2.606599374922933930e+04,6.400000000000001066e-05,5.939200000000000542e-10,5.978455105629845612e+00,4.952988421717492706e-02,4.436351143235182803e+01,9.250000000000056788e-02
4.000000000000000083e-03,2.823235745107105686e+04,6.400000000000001066e-05,5.939200000000000542e-10,5.975429733321123038e+00,4.923563731655725834e-02,4.398946069767853828e+01,9.250000000000001277e-02
4.000000000000000083e-03,3.057876921606393807e+04,6.400000000000001066e-05,5.939200000000000542e-10,5.969487301101801258e+00,4.896975070224784260e-02,4.365520031015015689e+01,9.249999999999999889e-02
4.000000000000000083e-03,3.312019296970979485e+04,6.400000000000001066e-05,5.939200000000000542e-10,5.961838885392461762e+00,4.873131326072172032e-02,4.335888076811752256e+01,9.249999999999997113e-02
4.000000000000000083e-03,3.587283630024446029e+04,6.400000000000001066e-05,5.939200000000000542e-10,5.953941984934103537e+00,4.851908611074474270e-02,4.309813906015055096e+01,9.249999999999997113e-02
4.000000000000000083e-03,3.885425382035175426e+04,6.400000000000001066e-05,5.939200000000000542e-10,5.947340845147065735e+00,4.833145166168213713e-02,4.287003442401272224e+01,9.249999999999998501e-02
4.000000000000000083e-03,4.208345911934581090e+04,6.400000000000001066e-05,5.939200000000000542e-10,5.943718348600984136e+00,4.816638686715375706e-02,4.267102796838221224e+01,9.249999999999997113e-02
4.000000000000000083e-03,4.558104601977957645e+04,6.400000000000001066e-05,5.939200000000000542e-10,5.944776878335429338e+00,4.802144392626542940e-02,4.249697061743192705e+01,9.250000000000088707e-02
4.000000000000000083e-03,4.936931991177907184e+04,6.400000000000001066e-05,5.939200000000000542e-10,5.952128849864116944e+00,4.789374136733817733e-02,4.234312601054550385e+01,9.249999999999869438e-02
4.000000000000000083e-03,5.347244000266970397e+04,6.400000000000001066e-05,5.939200000000000542e-10,5.967151829991570899e+00,4.778004419792893087e-02,4.220433713583845048e+01,9.250000000000131728e-02
4.000000000000000083e-03,5.791657338907157828e+04,6.400000000000001066e-05,5.939200000000000542e-10,5.990821927891991194e+00,4.767688762183966422e-02,4.207525777616784524e+01,9.250000000000023481e-02
4.000000000000000083e-03,6.273006193404024089e+04,6.400000000000001066e-05,5.939200000000000542e-10,6.023574411794603733e+00,4.758074987846715870e-02,4.195066379859535743e+01,9.249999999999998501e-02
4.000000000000000083e-03,6.794360301348615030e+04,6.400000000000001066e-05,5.939200000000000542e-10,6.065121567925672252e+00,4.748825065615831786e-02,4.182580727495805206e+01,9.249999999999995726e-02
4.000000000000000083e-03,7.359044528456265107e+04,6.400000000000001066e-05,5.939200000000000542e-10,6.114292253947833267e+00,4.739640997593556893e-02,4.169683364299425676e+01,9.249999999999997113e-02
4.000000000000000083e-03,7.970660072450475127e+04,6.400000000000001066e-05,5.939200000000000542e-10,6.168748517852104207e+00,4.730293082118267045e-02,4.156118696035132132e+01,9.249999999999997113e-02
4.000000000000000083e-03,8.633107429217250319e+04,6.400000000000001066e-05,5.939200000000000542e-10,6.225320970287962830e+00,4.720635431546055250e-02,4.141781763390356019e+01,9.249999999999998501e-02
4.000000000000000083e-03,9.350611267692994443e+04,6.400000000000001066e-05,5.939200000000000542e-10,6.280895821239207422e+00,4.710621727609149573e-02,4.126737929637182845e+01,9.249999999999999889e-02
4.000000000000000083e-03,1.012774737212259060e+05,6.400000000000001066e-05,5.939200000000000542e-10,6.331993810661701083e+00,4.700315276177682855e-02,4.111226450863681947e+01,9.249999999999998501e-02
4.000000000000000083e-03,1.096947182350816292e+05,6.400000000000001066e-05,5.939200000000000542e-10,6.374874797026109263e+00,4.689885666333555581e-02,4.095643726473593205e+01,9.249999999999999889e-02
4.000000000000000083e-03,1.188115260634906881e+05,6.400000000000001066e-05,5.939200000000000542e-10,6.406576675704198642e+00,4.679594381760751598e-02,4.080506147233986525e+01,9.250000000000095646e-02
4.000000000000000083e-03,1.286860384224136797e+05,6.400000000000001066e-05,5.939200000000000542e-10,6.425665379535037580e+00,4.669765494131317141e-02,4.066388831850092345e+01,9.249999999999997113e-02
4.000000000000000083e-03,1.393812286865626520e+05,6.400000000000001066e-05,5.939200000000000542e-10,6.432689836665561600e+00,4.660744365443599685e-02,4.053847136390196226e+01,9.249999999999997113e-02
4.000000000000000083e-03,1.509653039936322020e+05,6.400000000000001066e-05,5.939200000000000542e-10,6.430537123268392108e+00,4.652836102098266424e-02,4.043309142852320548e+01,9.250000000000001277e-02
4.000000000000000083e-03,1.635121402261458861e+05,6.400000000000001066e-05,5.939200000000000542e-10,6.424616876945076882e+00,4.646230500612865549e-02,4.034953177110485001e+01,9.249999999999999889e-02
4.000000000000000083e-03,1.771017531449649832e+05,6.400000000000001066e-05,5.939200000000000542e-10,6.422026001347180824e+00,4.640929031243416769e-02,4.028603096587349341e+01,9.249999999999876377e-02
4.000000000000000083e-03,1.918208086790413945e+05,6.400000000000001066e-05,5.939200000000000542e-10,6.429970757489314792e+00,4.636700534114885502e-02,4.023688290391067568e+01,9.250000000000010991e-02
4.000000000000000083e-03,2.077631756257259403e+05,6.400000000000001066e-05,5.939200000000000542e-10,6.453426011156460085e+00,4.633106101788676823e-02,4.019333585284303467e+01,9.249999999999999889e-02
4.000000000000000083e-03,2.250305242864021857e+05,6.400000000000001066e-05,5.939200000000000542e-10,6.492896157347493258e+00,4.629602003786945086e-02,4.014583138253782124e+01,9.249999999999974909e-02
4.000000000000000083e-03,2.437329748551585071e+05,6.400000000000001066e-05,5.939200000000000542e-10,6.543410424992554653e+00,4.625708317491091653e-02,4.008711137724414186e+01,9.250000000000106748e-02
4.000000000000000083e-03,2.639897996955213021e+05,6.400000000000001066e-05,5.939200000000000542e-10,6.595576229980342653e+00,4.621169638601604901e-02,4.001479902393809596e+01,9.249999999999997113e-02
4.000000000000000083e-03,2.859301839839105378e+05,6.400000000000001066e-05,5.939200000000000542e-10,6.638262823054176032e+00,4.616044588136546806e-02,3.993237982146220588e+01,9.250000000000001277e-02
4.000000000000000083e-03,3.096940495707346709e+05,6.400000000000001066e-05,5.939200000000000542e-10,6.662422829313040751e+00,4.610691889421227735e-02,3.984819611921800231e+01,9.250000000000015155e-02
4.000000000000000083e-03,3.354329473131714622e+05,6.400000000000001066e-05,5.939200000000000542e-10,6.664890695798161957e+00,4.605646034328783611e-02,3.977264307953713285e+01,9.250000000000006828e-02
4.000000000000000083e-03,3.633110235703847138e+05,6.400000000000001066e-05,5.939200000000000542e-10,6.650488457830885380e+00,4.601420852261437627e-02,3.971435740175632390e+01,9.250000000000001277e-02
4.000000000000000083e-03,3.935060670248524402e+05,6.400000000000001066e-05,5.939200000000000542e-10,6.631557498655081595e+00,4.598296760072328321e-02,3.967651665060159161e+01,9.249999999999976297e-02
4.000000000000000083e-03,4.262106425057829474e+05,6.400000000000001066e-05,5.939200000000000542e-10,6.623417404426392707e+00,4.596171241512203576e-02,3.965480500303174693e+01,9.249999999999997113e-02
4.000000000000000083e-03,4.616333190454205032e+05,6.400000000000001066e-05,5.939200000000000542e-10,6.637009388428592338e+00,4.594564405848451660e-02,3.963856951104838089e+01,9.250000000000012379e-02
4.000000000000000083e-03,5.000000000000000000e+05,6.400000000000001066e-05,5.939200000000000542e-10,6.671880252698061398e+00,4.592832382041572847e-02,3.961569519796485395e+01,9.250000000000001277e-02
5.000000000000000104e-03,1.000000000000000000e+04,1.000000000000000048e-04,1.449999999999999956e-09,6.165241168826788076e+00,5.044006543265985160e-02,4.338153016197966849e+01,9.250000000000001277e-02
5.000000000000000104e-03,1.083110727436042180e+04,1.000000000000000048e-04,1.449999999999999956e-09,6.248048055512241739e+00,4.979882254446513917e-02,4.253072017076112843e+01,9.249999999999998501e-02
5.000000000000000104e-03,1.173128847887029951e+04,1.000000000000000048e-04,1.449999999999999956e-09,6.326700806724837811e+00,4.918396978113247914e-02,4.172104849972797069e+01,9.249999999999933276e-02
5.000000000000000104e-03,1.270628439811126918e+04,1.000000000000000048e-04,1.449999999999999956e-09,6.400703374326731421e+00,4.859522624175519057e-02,4.095172011453787064e+01,9.249999999999995726e-02
5.000000000000000104e-03,1.376231293744750110e+04,1.000000000000000048e-04,1.449999999999999956e-09,6.469678427703381196e+00,4.803235162558871368e-02,4.022197658910995699e+01,9.249999999999998501e-02
5.000000000000000104e-03,1.490610877688121582e+04,1.000000000000000048e-04,1.449999999999999956e-09,6.533429077746618852e+00,4.749513508530249506e-02,3.953113721741420505e+01,9.250000000000026257e-02
5.000000000000000104e-03,1.614496632056855196e+04,1.000000000000000048e-04,1.449999999999999956e-09,6.591752196126567043e+00,4.698341508655470844e-02,3.887862134209873233e+01,9.249999999999958256e-02
5.000000000000000104e-03,1.748678621590140392e+04,1.000000000000000048e-04,1.449999999999999956e-09,6.644242492373022557e+00,4.649706898134513267e-02,3.826390788485154104e+01,9.250000000000001277e-02
5.000000000000000104e-03,1.894012573882348443e+04,1.000000000000000048e-04,1.449999999999999956e-09,6.690438959107154027e+00,4.603598972611597229e-02,3.768648986050297367e+01,9.249999999999998501e-02
5.000000000000000104e-03,2.051425336670720935e+04,1.000000000000000048e-04,1.449999999999999956e-09,6.730019129181417981e+00,4.560008274295532238e-02,3.714586221264901411e+01,9.249999999999999889e-02
5.000000000000000104e-03,2.221920788682152124e+04,1.000000000000000048e-04,1.449999999999999956e-09,6.762858783265895291e+00,4.518924292952380267e-02,3.664150707252485262e+01,9.249999999999958256e-02
5.000000000000000104e-03,2.406586241734785290e+04,1.000000000000000048e-04,1.449999999999999956e-09,6.789037732241896883e+00,4.480336288900862995e-02,3.617291483356209625e+01,9.249999999999999889e-02
5.000000000000000104e-03,2.606599374922933930e+04,1.000000000000000048e-04,1.449999999999999956e-09,6.808611688577648202e+00,4.444233086277861455e-02,3.573957370342117912e+01,9.249999999999998501e-02
5.000000000000000104e-03,2.823235745107105686e+04,1.000000000000000048e-04,1.449999999999999956e-09,6.821757643588152398e+00,4.410599969993946046e-02,3.534090998361427438e+01,9.250000000000001277e-02
5.000000000000000104e-03,3.057876921606393807e+04,1.000000000000000048e-04,1.449999999999999956e-09,6.828826881422976669e+00,4.379418215687851806e-02,3.497628890008826374e+01,9.249999999999998501e-02
5.000000000000000104e-03,3.312019296970979485e+04,1.000000000000000048e-04,1.449999999999999956e-09,6.830244900161580368e+00,4.350662359549670177e-02,3.464495889340309986e+01,9.249999999999995726e-02
5.000000000000000104e-03,3.587283630024446029e+04,1.000000000000000048e-04,1.449999999999999956e-09,6.826712867360253512e+00,4.324297226292941193e-02,3.434601170902396916e+01,9.249999999999997113e-02
5.000000000000000104e-03,3.885425382035175426e+04,1.000000000000000048e-04,1.449999999999999956e-09,6.819047210954013671e+00,4.300275247548802915e-02,3.407834518092574427e+01,9.249999999999998501e-02
5.000000000000000104e-03,4.208345911934581090e+04,1.000000000000000048e-04,1.449999999999999956e-09,6.808324470274727425e+00,4.278532923974377733e-02,3.384059596736654640e+01,9.249999999999995726e-02
5.000000000000000104e-03,4.558104601977957645e+04,1.000000000000000048e-04,1.449999999999999956e-09,6.795826443479104917e+00,4.258988905018340487e-02,3.363112802926993083e+01,9.249999999999997113e-02
5.000000000000000104e-03,4.936931991177907184e+04,1.000000000000000048e-04,1.449999999999999956e-09,6.783246878561166149e+00,4.241536733586220853e-02,3.344787137855709602e+01,9.249999999999999889e-02
5.000000000000000104e-03,5.347244000266970397e+04,1.000000000000000048e-04,1.449999999999999956e-09,6.771974496956874034e+00,4.226050385915028351e-02,3.328843217103160157e+01,9.249999999999998501e-02
5.000000000000000104e-03,5.791657338907157828e+04,1.000000000000000048e-04,1.449999999999999956e-09,6.763745993772490195e+00,4.212382083689208967e-02,3.315004270088138583e+01,9.249999999999999889e-02
5.000000000000000104e-03,6.273006193404024089e+04,1.000000000000000048e-04,1.449999999999999956e-09,6.760649197795378207e+00,4.200350369595320932e-02,3.302946100570736832e+01,9.249999999999999889e-02
5.000000000000000104e-03,6.794360301348615030e+04,1.000000000000000048e-04,1.449999999999999956e-09,6.764394987973961548e+00,4.189739102679893024e-02,3.292295442896675439e+01,9.249999999999998501e-02
5.000000000000000104e-03,7.359044528456265107e+04,1.000000000000000048e-04,1.449999999999999956e-09,6.776638320198949295e+00,4.180306319167269996e-02,3.282648587145726538e+01,9.249999999999942990e-02
5.000000000000000104e-03,7.970660072450475127e+04,1.000000000000000048e-04,1.449999999999999956e-09,6.798513290318326519e+00,4.171787389497651211e-02,3.273582381726634338e+01,9.249999999999997113e-02
5.000000000000000104e-03,8.633107429217250319e+04,1.000000000000000048e-04,1.449999999999999956e-09,6.830217430583817695e+00,4.163906906608029479e-02,3.264679439398759087e+01,9.249999999999999889e-02
5.000000000000000104e-03,9.350611267692994443e+04,1.000000000000000048e-04,1.449999999999999956e-09,6.871190650577936765e+00,4.156395031907864773e-02,3.255561459705215555e+01,9.249999999999999889e-02
5.000000000000000104e-03,1.012774737212259060e+05,1.000000000000000048e-04,1.449999999999999956e-09,6.920088677815738443e+00,4.148997767676574494e-02,3.245917078119805410e+01,9.249999999999999889e-02
5.000000000000000104e-03,1.096947182350816292e+05,1.000000000000000048e-04,1.449999999999999956e-09,6.974459562460120665e+00,4.141521257739252948e-02,3.235562176507401944e+01,9.249999999999998501e-02
5.000000000000000104e-03,1.188115260634906881e+05,1.000000000000000048e-04,1.449999999999999956e-09,7.030550605772900141e+00,4.133832187127987196e-02,3.224448026628424913e+01,9.250000000000001277e-02
5.000000000000000104e-03,1.286860384224136797e+05,1.000000000000000048e-04,1.449999999999999956e-09,7.083956599032490864e+00,4.125888277784937191e-02,3.212697563127576927e+01,9.249999999999999889e-02
5.000000000000000104e-03,1.393812286865626520e+05,1.000000000000000048e-04,1.449999999999999956e-09,7.130007681124685526e+00,4.117740237255274743e-02,3.200596304560710337e+01,9.250000000000001277e-02
5.000000000000000104e-03,1.509653039936322020e+05,1.000000000000000048e-04,1.449999999999999956e-09,7.164568285864912234e+00,4.109543206427395540e-02,3.188582698274822036e+01,9.249999999999995726e-02
5.000000000000000104e-03,1.635121402261458861e+05,1.000000000000000048e-04,1.449999999999999956e-09,7.184327752261178368e+00,4.101533583520459297e-02,3.177193963496167228e+01,9.250000000000098421e-02
5.000000000000000104e-03,1.771017531449649832e+05,1.000000000000000048e-04,1.449999999999999956e-09,7.188425662294723573e+00,4.093998249165958780e-02,3.166983111071031942e+01,9.250000000000088707e-02
5.000000000000000104e-03,1.918208086790413945e+05,1.000000000000000048e-04,1.449999999999999956e-09,7.178562822859537285e+00,4.087225571339499208e-02,3.158428728907781391e+01,9.250000000000058176e-02
5.000000000000000104e-03,2.077631756257259403e+05,1.000000000000000048e-04,1.449999999999999956e-09,7.159628526506415014e+00,4.081444799014601055e-02,3.151814156670353739e+01,9.250000000000023481e-02
5.000000000000000104e-03,2.250305242864021857e+05,1.000000000000000048e-04,1.449999999999999956e-09,7.139238259116789997e+00,4.076765928684753654e-02,3.147139710810557389e+01,9.249999999999840294e-02
5.000000000000000104e-03,2.437329748551585071e+05,1.000000000000000048e-04,1.449999999999999956e-09,7.126184532866803423e+00,4.073126332078980810e-02,3.144055403124380987e+01,9.249999999999998501e-02
5.000000000000000104e-03,2.639897996955213021e+05,1.000000000000000048e-04,1.449999999999999956e-09,7.128586907295098030e+00,4.070287128012490402e-02,3.141900327140685079e+01,9.249999999999997113e-02
5.000000000000000104e-03,2.859301839839105378e+05,1.000000000000000048e-04,1.449999999999999956e-09,7.150760182811582766e+00,4.067867705466780143e-02,3.139829864737243525e+01,9.250000000000074829e-02
5.000000000000000104e-03,3.096940495707346709e+05,1.000000000000000048e-04,1.449999999999999956e-09,7.191480229510581523e+00,4.065438656723566191e-02,3.137036804481731167e+01,9.250000000000098421e-02
5.000000000000000104e-03,3.354329473131714622e+05,1.000000000000000048e-04,1.449999999999999956e-09,7.243097618010111205e+00,4.062652816098570596e-02,3.133009721906486789e+01,9.250000000000002665e-02
5.000000000000000104e-03,3.633110235703847138e+05,1.000000000000000048e-04,1.449999999999999956e-09,7.293868440512270901e+00,4.059348151997022730e-02,3.127697083632441633e+01,9.250000000000040135e-02
5.000000000000000104e-03,3.935060670248524402e+05,1.000000000000000048e-04,1.449999999999999956e-09,7.331641601622928661e+00,4.055605774598210894e-02,3.121540861064787364e+01,9.249999999999999889e-02
5.000000000000000104e-03,4.262106425057829474e+05,1.000000000000000048e-04,1.449999999999999956e-09,7.347737968175970913e+00,4.051712376419373124e-02,3.115327985597474836e+01,9.250000000000016542e-02
5.000000000000000104e-03,4.616333190454205032e+05,1.000000000000000048e-04,1.449999999999999956e-09,7.340168610828791351e+00,4.048061859591037953e-02,3.109933836095249760e+01,9.250000000000015155e-02
5.000000000000000104e-03,5.000000000000000000e+05,1.000000000000000048e-04,1.449999999999999956e-09,7.315136507956492729e+00,4.045015093192939198e-02,3.106022068754167975e+01,9.249999999999998501e-02
6.000000000000000125e-03,1.000000000000000000e+04,1.440000000000000036e-04,3.006719999999999725e-09,6.484785209028103736e+00,4.708212672157720963e-02,3.680660189128917636e+01,9.249999999999995726e-02
6.000000000000000125e-03,1.083110727436042180e+04,1.440000000000000036e-04,3.006719999999999725e-09,6.582906661869804665e+00,4.646081237659422519e-02,3.602850018634525497e+01,9.250000000000015155e-02
6.000000000000000125e-03,1.173128847887029951e+04,1.440000000000000036e-04,3.006719999999999725e-09,6.676760218953833537e+00,4.586372418141974883e-02,3.528777028425606943e+01,9.249999999999995726e-02
6.000000000000000125e-03,1.270628439811126918e+04,1.440000000000000036e-04,3.006719999999999725e-09,6.765852850019983045e+00,4.529054217694614137e-02,3.458350145707724010e+01,9.249999999999997113e-02
6.000000000000000125e-03,1.376231293744750110e+04,1.440000000000000036e-04,3.006719999999999725e-09,6.849850005499435568e+00,4.474096925695030674e-02,3.391483995134919383e+01,9.250000000000058176e-02
6.000000000000000125e-03,1.490610877688121582e+04,1.440000000000000036e-04,3.006719999999999725e-09,6.928519585873760711e+00,4.421474913876056317e-02,3.328102738222872148e+01,9.249999999999999889e-02
6.000000000000000125e-03,1.614496632056855196e+04,1.440000000000000036e-04,3.006719999999999725e-09,7.001580666228185201e+00,4.371165753194094367e-02,3.268139571970727530e+01,9.249999999999998501e-02
6.000000000000000125e-03,1.748678621590140392e+04,1.440000000000000036e-04,3.006719999999999725e-09,7.068596196048253510e+00,4.323149967944086430e-02,3.211533227877541208e+01,9.249999999999999889e-02
6.000000000000000125e-03,1.894012573882348443e+04,1.440000000000000036e-04,3.006719999999999725e-09,7.128898338730097706e+00,4.277407871859226912e-02,3.158224215382945488e+01,9.249999999999934663e-02
6.000000000000000125e-03,2.051425336670720935e+04,1.440000000000000036e-04,3.006719999999999725e-09,7.181690910270338790e+00,4.233921026038502816e-02,3.108148869087128929e+01,9.249999999999997113e-02
6.000000000000000125e-03,2.221920788682152124e+04,1.440000000000000036e-04,3.006719999999999725e-09,7.226654887673899630e+00,4.192670836491063646e-02,3.061239422786132991e+01,9.249999999999997113e-02
6.000000000000000125e-03,2.406586241734785290e+04,1.440000000000000036e-04,3.006719999999999725e-09,7.264257463718962526e+00,4.153642139480213935e-02,3.017438753359857984e+01,9.250000000000001277e-02
6.000000000000000125e-03,2.606599374922933930e+04,1.440000000000000036e-04,3.006719999999999725e-09,7.294736005089399455e+00,4.116825543749769167e-02,2.976707122402009631e+01,9.250000000000001277e-02
6.000000000000000125e-03,2.823235745107105686e+04,1.440000000000000036e-04,3.006719999999999725e-09,7.317596129956425166e+00,4.082210686750806228e-02,2.939001525374073509e+01,9.249999999999997113e-02
6.000000000000000125e-03,3.057876921606393807e+04,1.440000000000000036e-04,3.006719999999999725e-09,7.332937210021801988e+00,4.049783051365866970e-02,2.904268212089541024e+01,9.249999999999998501e-02
6.000000000000000125e-03,3.312019296970979485e+04,1.440000000000000036e-04,3.006719999999999725e-09,7.341080363097518990e+00,4.019527234070110339e-02,2.872456681261961720e+01,9.249999999999998501e-02
6.000000000000000125e-03,3.587283630024446029e+04,1.440000000000000036e-04,3.006719999999999725e-09,7.341785501380925005e+00,3.991423227297608706e-02,2.843504573857687134e+01,9.249999999999998501e-02
6.000000000000000125e-03,3.885425382035175426e+04,1.440000000000000036e-04,3.006719999999999725e-09,7.335986033452903676e+00,3.965445979308117319e-02,2.817340622165357900e+01,9.249999999999999889e-02
6.000000000000000125e-03,4.208345911934581090e+04,1.440000000000000036e-04,3.006719999999999725e-09,7.324368713899923833e+00,3.941567932594736146e-02,2.793895246481125838e+01,9.250000000000001277e-02
6.000000000000000125e-03,4.558104601977957645e+04,1.440000000000000036e-04,3.006719999999999725e-09,7.307368771180883904e+00,3.919751015447112824e-02,2.773075226416780481e+01,9.250000000000010991e-02
6.000000000000000125e-03,4.936931991177907184e+04,1.440000000000000036e-04,3.006719999999999725e-09,7.286464978722921870e+00,3.899949607008429409e-02,2.754775318803088524e+01,9.249999999999997113e-02
6.000000000000000125e-03,5.347244000266970397e+04,1.440000000000000036e-04,3.006719999999999725e-09,7.262962407643036578e+00,3.882106823442695032e-02,2.738871799510383553e+01,9.249999999999997113e-02
6.000000000000000125e-03,5.791657338907157828e+04,1.440000000000000036e-04,3.006719999999999725e-09,7.238462187926161029e+00,3.866149449769241964e-02,2.725211292680037900e+01,9.249999999999997113e-02
6.000000000000000125e-03,6.273006193404024089e+04,1.440000000000000036e-04,3.006719999999999725e-09,7.215061747807816062e+00,3.851980230851399095e-02,2.713602851782547987e+01,9.249999999999995726e-02
6.000000000000000125e-03,6.794360301348615030e+04,1.440000000000000036e-04,3.006719999999999725e-09,7.192784413091945162e+00,3.839470479639692929e-02,2.703797430641760613e+01,9.249999999999997113e-02
6.000000000000000125e-03,7.359044528456265107e+04,1.440000000000000036e-04,3.006719999999999725e-09,7.175869226932017675e+00,3.828489651338751187e-02,2.695533637847721664e+01,9.249999999999997113e-02
6.000000000000000125e-03,7.970660072450475127e+04,1.440000000000000036e-04,3.006719999999999725e-09,7.165795007738951838e+00,3.818895056442369457e-02,2.688526103179469473e+01,9.249999999999997113e-02
6.000000000000000125e-03,8.633107429217250319e+04,1.440000000000000036e-04,3.006719999999999725e-09,7.164806150156130649e+00,3.810492094835534610e-02,2.682402999307761604e+01,9.249999999999998501e-02
6.000000000000000125e-03,9.350611267692994443e+04,1.440000000000000036e-04,3.006719999999999725e-09,7.174714558135958598e+00,3.803056629460457166e-02,2.676766310766305779e+01,9.249999999999999889e-02
6.000000000000000125e-03,1.012774737212259060e+05,1.440000000000000036e-04,3.006719999999999725e-09,7.196357287003315228e+00,3.796346139506018985e-02,2.671208812950125377e+01,9.249999999999997113e-02
6.000000000000000125e-03,1.096947182350816292e+05,1.440000000000000036e-04,3.006719999999999725e-09,7.229266258540242518e+00,3.790105063147369141e-02,2.665332973783742787e+01,9.250000000000040135e-02
6.000000000000000125e-03,1.188115260634906881e+05,1.440000000000000036e-04,3.006719999999999725e-09,7.273006772618333393e+00,3.784096338530171244e-02,2.658814391205410388e+01,9.249999999999988787e-02
6.000000000000000125e-03,1.286860384224136797e+05,1.440000000000000036e-04,3.006719999999999725e-09,7.324434255427497042e+00,3.778099277072979878e-02,2.651431374650611161e+01,9.249999999999997113e-02
6.000000000000000125e-03,1.393812286865626520e+05,1.440000000000000036e-04,3.006719999999999725e-09,7.379177999934187326e+00,3.771953960955332780e-02,2.643109486962302768e+01,9.249999999999870826e-02
6.000000000000000125e-03,1.509653039936322020e+05,1.440000000000000036e-04,3.006719999999999725e-09,7.432033103614853253e+00,3.765593395172419505e-02,2.633971864868101420e+01,9.249999999999995726e-02
6.000000000000000125e-03,1.635121402261458861e+05,1.440000000000000036e-04,3.006719999999999725e-09,7.476601020267766629e+00,3.759020247304101225e-02,2.624298298164302778e+01,9.249999999999998501e-02
6.000000000000000125e-03,1.771017531449649832e+05,1.440000000000000036e-04,3.006719999999999725e-09,7.507446118623358089e+00,3.752339796187115911e-02,2.614532721323552522e+01,9.250000000000128952e-02
6.000000000000000125e-03,1.918208086790413945e+05,1.440000000000000036e-04,3.006719999999999725e-09,7.520972629028473300e+00,3.745743949332229483e-02,2.605222940930498154e+01,9.249999999999947153e-02
6.000000000000000125e-03,2.077631756257259403e+05,1.440000000000000036e-04,3.006719999999999725e-09,7.515491745523956268e+00,3.739479509906840776e-02,2.596934678019867349e+01,9.250000000000152545e-02
6.000000000000000125e-03,2.250305242864021857e+05,1.440000000000000036e-04,3.006719999999999725e-09,7.492387428249273285e+00,3.733798275001097566e-02,2.590151214848906847e+01,9.249999999999997113e-02
6.000000000000000125e-03,2.437329748551585071e+05,1.440000000000000036e-04,3.006719999999999725e-09,7.457537704327101835e+00,3.728925828159185274e-02,2.585193029975391354e+01,9.249999999999998501e-02
6.000000000000000125e-03,2.639897996955213021e+05,1.440000000000000036e-04,3.006719999999999725e-09,7.418347868349795426e+00,3.724985884611564657e-02,2.582105776295042077e+01,9.249999999999995726e-02
6.000000000000000125e-03,2.859301839839105378e+05,1.440000000000000036e-04,3.006719999999999725e-09,7.385534383752387910e+00,3.721961747807437521e-02,2.580613883435720979e+01,9.249999999999999889e-02
6.000000000000000125e-03,3.096940495707346709e+05,1.440000000000000036e-04,3.006719999999999725e-09,7.368484200188115452e+00,3.719681976348865327e-02,2.580133486099667195e+01,9.250000000000038747e-02
6.000000000000000125e-03,3.354329473131714622e+05,1.440000000000000036e-04,3.006719999999999725e-09,7.373766185261199091e+00,3.717855831623928520e-02,2.579890034315839387e+01,9.250000000000017930e-02
6.000000000000000125e-03,3.633110235703847138e+05,1.440000000000000036e-04,3.006719999999999725e-09,7.402674995590757590e+00,3.716131569394463124e-02,2.579100619833254626e+01,9.250000000000076217e-02
6.000000000000000125e-03,3.935060670248524402e+05,1.440000000000000036e-04,3.006719999999999725e-09,7.448802600970551246e+00,3.714205364538556570e-02,2.577204980626751407e+01,9.249999999999998501e-02
6.000000000000000125e-03,4.262106425057829474e+05,1.440000000000000036e-04,3.006719999999999725e-09,7.501102344334271699e+00,3.711885487354942004e-02,2.574008679719490900e+01,9.249999999999999889e-02
6.000000000000000125e-03,4.616333190454205032e+05,1.440000000000000036e-04,3.006719999999999725e-09,7.546623552685650438e+00,3.709159468307979268e-02,2.569753270634323528e+01,9.249999999999998501e-02
6.000000000000000125e-03,5.000000000000000000e+05,1.440000000000000036e-04,3.006719999999999725e-09,7.573706510406139181e+00,3.706192137953499138e-02,2.565041429057301414e+01,9.249999999999997113e-02
7.000000000000000146e-03,1.000000000000000000e+04,1.959999999999999937e-04,5.570319999999999020e-09,6.646939979725208225e+00,4.469495817160820672e-02,3.158577062628862464e+01,9.249999999999997113e-02
7.000000000000000146e-03,1.083110727436042180e+04,1.959999999999999937e-04,5.570319999999999020e-09,6.744220610402159366e+00,4.409195291838449715e-02,3.087944480379703904e+01,9.249999999999998501e-02
7.000000000000000146e-03,1.173128847887029951e+04,1.959999999999999937e-04,5.570319999999999020e-09,6.837955179029083119e+00,4.351185350770007954e-02,3.020787984990354147e+01,9.249999999999998501e-02
7.000000000000000146e-03,1.270628439811126918e+04,1.959999999999999937e-04,5.570319999999999020e-09,6.927788995236425329e+00,4.295436995406213404e-02,2.957032718508999736e+01,9.249999999999998501e-02
7.000000000000000146e-03,1.376231293744750110e+04,1.959999999999999937e-04,5.570319999999999020e-09,7.013015659118774892e+00,4.241922765386591659e-02,2.896601879430797055e+01,9.250000000000001277e-02
7.000000000000000146e-03,1.490610877688121582e+04,1.959999999999999937e-04,5.570319999999999020e-09,7.092789676361858753e+00,4.190615066288441715e-02,2.839410124999803386e+01,9.249999999999998501e-02
7.000000000000000146e-03,1.614496632056855196e+04,1.959999999999999937e-04,5.570319999999999020e-09,7.166524711970992279e+00,4.141486757431019766e-02,2.785369227511852586e+01,9.250000000000042910e-02
7.000000000000000146e-03,1.748678621590140392e+04,1.959999999999999937e-04,5.570319999999999020e-09,7.234096470300992010e+00,4.094514877003695846e-02,2.734401574107033284e+01,9.249999999999997113e-02
7.000000000000000146e-03,1.894012573882348443e+04,1.959999999999999937e-04,5.570319999999999020e-09,7.295631934958441533e+00,4.049681789908679552e-02,2.686447413763157854e+01,9.249999999999995726e-02
7.000000000000000146e-03,2.051425336670720935e+04,1.959999999999999937e-04,5.570319999999999020e-09,7.351126197384736827e+00,4.006972905137828195e-02,2.641459111711827390e+01,9.249999999999997113e-02
7.000000000000000146e-03,2.221920788682152124e+04,1.959999999999999937e-04,5.570319999999999020e-09,7.400311192899801327e+00,3.966375413687674850e-02,2.599390472801196239e+01,9.250000000000001277e-02
7.000000000000000146e-03,2.406586241734785290e+04,1.959999999999999937e-04,5.570319999999999020e-09,7.442780012968111869e+00,3.927876257055917808e-02,2.560194692671571914e+01,9.250000000000001277e-02
7.000000000000000146e-03,2.606599374922933930e+04,1.959999999999999937e-04,5.570319999999999020e-09,7.477877485833936966e+00,3.891460929301331778e-02,2.523822888242133544e+01,9.249999999999998501e-02
7.000000000000000146e-03,2.823235745107105686e+04,1.959999999999999937e-04,5.570319999999999020e-09,7.504643926733773895e+00,3.857107834785915290e-02,2.490209179959290253e+01,9.249999999999999889e-02
7.000000000000000146e-03,3.057876921606393807e+04,1.959999999999999937e-04,5.570319999999999020e-09,7.522870922287499873e+00,3.824787781409656751e-02,2.459269724238233934e+01,9.249999999999999889e-02
7.000000000000000146e-03,3.312019296970979485e+04,1.959999999999999937e-04,5.570319999999999020e-09,7.533691208197330624e+00,3.794481619177941800e-02,2.430948730721884843e+01,9.249999999999998501e-02
7.000000000000000146e-03,3.587283630024446029e+04,1.959999999999999937e-04,5.570319999999999020e-09,7.537524727251272871e+00,3.766183085488899324e-02,2.405226660048924714e+01,9.249999999999999889e-02
7.000000000000000146e-03,3.885425382035175426e+04,1.959999999999999937e-04,5.570319999999999020e-09,7.533399216422784761e+00,3.739875192275625426e-02,2.382047926285419948e+01,9.249999999999998501e-02
7.000000000000000146e-03,4.208345911934581090e+04,1.959999999999999937e-04,5.570319999999999020e-09,7.522083293538482707e+00,3.715525542496366657e-02,2.361319083685754805e+01,9.249999999999940214e-02
7.000000000000000146e-03,4.558104601977957645e+04,1.959999999999999937e-04,5.570319999999999020e-09,7.505082273140213367e+00,3.693108562969663056e-02,2.342984905046246169e+01,9.249999999999995726e-02
7.000000000000000146e-03,4.936931991177907184e+04,1.959999999999999937e-04,5.570319999999999020e-09,7.481647066279392355e+00,3.672592607815977628e-02,2.326957844240293838e+01,9.250000000000001277e-02
7.000000000000000146e-03,5.347244000266970397e+04,1.959999999999999937e-04,5.570319999999999020e-09,7.453317860270414208e+00,3.653932804339537349e-02,2.313118714386035535e+01,9.249999999999998501e-02
7.000000000000000146e-03,5.791657338907157828e+04,1.959999999999999937e-04,5.570319999999999020e-09,7.421798049777040163e+00,3.637088204801784685e-02,2.301383441971689336e+01,9.249999999999998501e-02
7.000000000000000146e-03,6.273006193404024089e+04,1.959999999999999937e-04,5.570319999999999020e-09,7.387374370710396931e+00,3.621994038131921834e-02,2.291617829040449195e+01,9.249999999999997113e-02
7.000000000000000146e-03,6.794360301348615030e+04,1.959999999999999937e-04,5.570319999999999020e-09,7.353278429804404936e+00,3.608575251343325990e-02,2.283661810595969754e+01,9.249999999999998501e-02
7.000000000000000146e-03,7.359044528456265107e+04,1.959999999999999937e-04,5.570319999999999020e-09,7.322261767892384476e+00,3.596751968899104812e-02,2.277355752894272811e+01,9.249999999999998501e-02
7.000000000000000146e-03,7.970660072450475127e+04,1.959999999999999937e-04,5.570319999999999020e-09,7.294190219811568454e+00,3.586406710076393833e-02,2.272462127206735616e+01,9.249999999999997113e-02
7.000000000000000146e-03,8.633107429217250319e+04,1.959999999999999937e-04,5.570319999999999020e-09,7.272044629072202504e+00,3.577374649136483981e-02,2.268626907576793528e+01,9.250000000000001277e-02
7.000000000000000146e-03,9.350611267692994443e+04,1.959999999999999937e-04,5.570319999999999020e-09,7.260591335774911670e+00,3.569520898676732668e-02,2.265567793555763032e+01,9.249999999999877764e-02
7.000000000000000146e-03,1.012774737212259060e+05,1.959999999999999937e-04,5.570319999999999020e-09,7.258952362189983631e+00,3.562664938708288986e-02,2.262902359769411831e+01,9.249999999999997113e-02
7.000000000000000146e-03,1.096947182350816292e+05,1.959999999999999937e-04,5.570319999999999020e-09,7.271127408244798751e+00,3.556581073101363483e-02,2.260195868192788282e+01,9.249999999999999889e-02
7.000000000000000146e-03,1.188115260634906881e+05,1.959999999999999937e-04,5.570319999999999020e-09,7.295809812615696721e+00,3.551036798235086833e-02,2.257035414042958266e+01,9.249999999999997113e-02
7.000000000000000146e-03,1.286860384224136797e+05,1.959999999999999937e-04,5.570319999999999020e-09,7.332447618659339028e+00,3.545779847863588657e-02,2.253034577008646977e+01,9.250000000000105360e-02
7.000000000000000146e-03,1.393812286865626520e+05,1.959999999999999937e-04,5.570319999999999020e-09,7.379514645945768336e+00,3.540590661005166284e-02,2.247929629480376335e+01,9.249999999999840294e-02
7.000000000000000146e-03,1.509653039936322020e+05,1.959999999999999937e-04,5.570319999999999020e-09,7.431853105924009384e+00,3.535302602406852762e-02,2.241619496946164602e+01,9.249999999999999889e-02
7.000000000000000146e-03,1.635121402261458861e+05,1.959999999999999937e-04,5.570319999999999020e-09,7.484150567272446430e+00,3.529818665653700754e-02,2.234196817339928387e+01,9.249999999999995726e-02
7.000000000000000146e-03,1.771017531449649832e+05,1.959999999999999937e-04,5.570319999999999020e-09,7.527916230056806768e+00,3.524119116165037174e-02,2.225965490852272666e+01,9.249999999999998501e-02
7.000000000000000146e-03,1.918208086790413945e+05,1.959999999999999937e-04,5.570319999999999020e-09,7.559600674559818323e+00,3.518310696168721469e-02,2.217426288320858419e+01,9.249999999999997113e-02
7.000000000000000146e-03,2.077631756257259403e+05,1.959999999999999937e-04,5.570319999999999020e-09,7.573448279960358853e+00,3.512553008314391045e-02,2.209169076250408992e+01,9.249999999999995726e-02
7.000000000000000146e-03,2.250305242864021857e+05,1.959999999999999937e-04,5.570319999999999020e-09,7.567610544512395343e+00,3.507052968964701617e-02,2.201827742872735882e+01,9.249999999999880540e-02
7.000000000000000146e-03,2.437329748551585071e+05,1.959999999999999937e-04,5.570319999999999020e-09,7.542786792878784397e+00,3.502020997428772348e-02,2.195943549456042376e+01,9.249999999999997113e-02
7.000000000000000146e-03,2.639897996955213021e+05,1.959999999999999937e-04,5.570319999999999020e-09,7.503707055069488874e+00,3.497629714758108965e-02,2.191841274184992372e+01,9.249999999999999889e-02
7.000000000000000146e-03,2.859301839839105378e+05,1.959999999999999937e-04,5.570319999999999020e-09,7.458855867030377063e+00,3.493993289806879288e-02,2.189577919813377704e+01,9.249999999999998501e-02
7.000000000000000146e-03,3.096940495707346709e+05,1.959999999999999937e-04,5.570319999999999020e-09,7.416833601442373691e+00,3.491111799843037850e-02,2.188851523964260082e+01,9.249999999999999889e-02
7.000000000000000146e-03,3.354329473131714622e+05,1.959999999999999937e-04,5.570319999999999020e-09,7.388560603599122700e+00,3.488885650481188955e-02,2.189119708396910369e+01,9.249999999999977685e-02
7.000000000000000146e-03,3.633110235703847138e+05,1.959999999999999937e-04,5.570319999999999020e-09,7.380249078853479361e+00,3.487128091181675854e-02,2.189734795107372989e+01,9.249999999999999889e-02
7.000000000000000146e-03,3.935060670248524402e+05,1.959999999999999937e-04,5.570319999999999020e-09,7.393813094296843857e+00,3.485610015739167011e-02,2.190022269435124258e+01,9.249999999999906908e-02
7.000000000000000146e-03,4.262106425057829474e+05,1.959999999999999937e-04,5.570319999999999020e-09,7.424024292934574554e+00,3.484108490830793714e-02,2.189453436854071811e+01,9.249999999999999889e-02
7.000000000000000146e-03,4.616333190454205032e+05,1.959999999999999937e-04,5.570319999999999020e-09,7.463158062072599463e+00,3.482440242803486879e-02,2.187734527950539842e+01,9.250000000000001277e-02
7.000000000000000146e-03,5.000000000000000000e+05,1.959999999999999937e-04,5.570319999999999020e-09,7.501182503162448612e+00,3.480493891935838857e-02,2.184843252264250779e+01,9.249999999999999889e-02
8.000000000000000167e-03,1.000000000000000000e+04,2.560000000000000426e-04,9.502720000000000868e-09,6.795277956913896134e+00,4.286675315254906415e-02,2.718830189291465160e+01,9.249999999999998501e-02
8.000000000000000167e-03,1.083110727436042180e+04,2.560000000000000426e-04,9.502720000000000868e-09,6.893398096263977592e+00,4.228429083189500642e-02,2.655406002315687175e+01,9.249999999999999889e-02
8.000000000000000167e-03,1.173128847887029951e+04,2.560000000000000426e-04,9.502720000000000868e-09,6.987480905220733618e+00,4.172381464651606781e-02,2.595275133602501327e+01,9.249999999999995726e-02
8.000000000000000167e-03,1.270628439811126918e+04,2.560000000000000426e-04,9.502720000000000868e-09,7.077133770476825347e+00,4.118505899906192702e-02,2.538369842189142389e+01,9.249999999999998501e-02
8.000000000000000167e-03,1.376231293744750110e+04,2.560000000000000426e-04,9.502720000000000868e-09,7.161455405344065994e+00,4.066774173662859176e-02,2.484620576291168348e+01,9.249999999999995726e-02
8.000000000000000167e-03,1.490610877688121582e+04,2.560000000000000426e-04,9.502720000000000868e-09,7.239235772582012451e+00,4.017156745103068333e-02,2.433940973131768359e+01,9.250000000000087319e-02
8.000000000000000167e-03,1.614496632056855196e+04,2.560000000000000426e-04,9.502720000000000868e-09,7.309496508016828820e+00,3.969621886377761033e-02,2.386226104480008559e+01,9.249999999999998501e-02
8.000000000000000167e-03,1.748678621590140392e+04,2.560000000000000426e-04,9.502720000000000868e-09,7.372072301449498433e+00,3.924137107486666554e-02,2.341368847013954024e+01,9.249999999999998501e-02
8.000000000000000167e-03,1.894012573882348443e+04,2.560000000000000426e-04,9.502720000000000868e-09,7.427705623280760783e+00,3.880678400144624979e-02,2.299286452518397184e+01,9.249999999999998501e-02
8.000000000000000167e-03,2.051425336670720935e+04,2.560000000000000426e-04,9.502720000000000868e-09,7.477359530145796462e+00,3.839232567489221648e-02,2.259934315237706670e+01,9.249999999999998501e-02
8.000000000000000167e-03,2.221920788682152124e+04,2.560000000000000426e-04,9.502720000000000868e-09,7.521197302520123529e+00,3.799795420510901356e-02,2.223291096404761191e+01,9.249999999999997113e-02
8.000000000000000167e-03,2.406586241734785290e+04,2.560000000000000426e-04,9.502720000000000868e-09,7.558294667855279592e+00,3.762361984510700225e-02,2.189329668627773984e+01,9.250000000000076217e-02
8.000000000000000167e-03,2.606599374922933930e+04,2.560000000000000426e-04,9.502720000000000868e-09,7.587442640344363554e+00,3.726922344451537306e-02,2.158003109427965427e+01,9.250000000000001277e-02
8.000000000000000167e-03,2.823235745107105686e+04,2.560000000000000426e-04,9.502720000000000868e-09,7.608074012741287362e+00,3.693462168678809249e-02,2.129258682151030158e+01,9.249999999999998501e-02
8.000000000000000167e-03,3.057876921606393807e+04,2.560000000000000426e-04,9.502720000000000868e-09,7.619981935267619022e+00,3.661964209637349338e-02,2.103050239630124096e+01,9.249999999999999889e-02
8.000000000000000167e-03,3.312019296970979485e+04,2.560000000000000426e-04,9.502720000000000868e-09,7.622301541661862245e+00,3.632406858796348448e-02,2.079318380212539097e+01,9.250000000000001277e-02
8.000000000000000167e-03,3.587283630024446029e+04,2.560000000000000426e-04,9.502720000000000868e-09,7.614778776383085201e+00,3.604756587068812940e-02,2.057971730916001007e+01,9.249999999999999889e-02
8.000000000000000167e-03,3.885425382035175426e+04,2.560000000000000426e-04,9.502720000000000868e-09,7.600013797468732513e+00,3.578984567914275661e-02,2.038937518979769337e+01,9.249999999999998501e-02
8.000000000000000167e-03,4.208345911934581090e+04,2.560000000000000426e-04,9.502720000000000868e-09,7.580182331773059445e+00,3.555082023225369925e-02,2.022215945706709306e+01,9.249999999999998501e-02
8.000000000000000167e-03,4.558104601977957645e+04,2.560000000000000426e-04,9.502720000000000868e-09,7.552629201796146496e+00,3.533035137974788881e-02,2.007786260273502421e+01,9.249999999999997113e-02
8.000000000000000167e-03,4.936931991177907184e+04,2.560000000000000426e-04,9.502720000000000868e-09,7.516336100833777678e+00,3.512798337064069326e-02,1.995524524021033841e+01,9.249999999999998501e-02
8.000000000000000167e-03,5.347244000266970397e+04,2.560000000000000426e-04,9.502720000000000868e-09,7.477194716015067577e+00,3.494326393031831068e-02,1.985333352313037381e+01,9.249999999999997113e-02
8.000000000000000167e-03,5.791657338907157828e+04,2.560000000000000426e-04,9.502720000000000868e-09,7.436502018844660000e+00,3.477598013249238312e-02,1.977191245777237683e+01,9.250000000000001277e-02
8.000000000000000167e-03,6.273006193404024089e+04,2.560000000000000426e-04,9.502720000000000868e-09,7.390916218970819074e+00,3.462566340924376485e-02,1.970962696371662659e+01,9.249999999999995726e-02
8.000000000000000167e-03,6.794360301348615030e+04,2.560000000000000426e-04,9.502720000000000868e-09,7.347129689892061499e+00,3.449158150839185671e-02,1.966459967013783228e+01,9.249999999999999889e-02
8.000000000000000167e-03,7.359044528456265107e+04,2.560000000000000426e-04,9.502720000000000868e-09,7.307778194848624231e+00,3.437310121309725824e-02,1.963540562835570569e+01,9.250000000000001277e-02
8.000000000000000167e-03,7.970660072450475127e+04,2.560000000000000426e-04,9.502720000000000868e-09,7.270006329661435451e+00,3.426949200798606876e-02,1.961913416399556809e+01,9.249999999999997113e-02
8.000000000000000167e-03,8.633107429217250319e+04,2.560000000000000426e-04,9.502720000000000868e-09,7.237371594679581577e+00,3.417974097211590179e-02,1.961219506806127200e+01,9.249999999999999889e-02
8.000000000000000167e-03,9.350611267692994443e+04,2.560000000000000426e-04,9.502720000000000868e-09,7.215525148536318767e+00,3.410246101048031164e-02,1.961044988763798713e+01,9.249999999999997113e-02
8.000000000000000167e-03,1.012774737212259060e+05,2.560000000000000426e-04,9.502720000000000868e-09,7.204827958772289875e+00,3.403569013745936372e-02,1.961110147891790945e+01,9.250000000000001277e-02
8.000000000000000167e-03,1.096947182350816292e+05,2.560000000000000426e-04,9.502720000000000868e-09,7.204193030293754241e+00,3.397668191134226023e-02,1.960915171761946141e+01,9.250000000000144218e-02
8.000000000000000167e-03,1.188115260634906881e+05,2.560000000000000426e-04,9.502720000000000868e-09,7.224021208428169416e+00,3.392328196824693359e-02,1.960088311779876236e+01,9.249999999999999889e-02
8.000000000000000167e-03,1.286860384224136797e+05,2.560000000000000426e-04,9.502720000000000868e-09,7.255662261632069843e+00,3.387337681118442190e-02,1.958244873483308623e+01,9.249999999999998501e-02
8.000000000000000167e-03,1.393812286865626520e+05,2.560000000000000426e-04,9.502720000000000868e-09,7.301599287871332500e+00,3.382471688369578094e-02,1.955024635741822792e+01,9.249999999999997113e-02
8.000000000000000167e-03,1.509653039936322020e+05,2.560000000000000426e-04,9.502720000000000868e-09,7.353622490787675048e+00,3.377570977551996173e-02,1.950295019972917387e+01,9.250000000000041522e-02
8.000000000000000167e-03,1.635121402261458861e+05,2.560000000000000426e-04,9.502720000000000868e-09,7.409289209464807513e+00,3.372526522192485082e-02,1.944127518329225168e+01,9.249999999999995726e-02
8.000000000000000167e-03,1.771017531449649832e+05,2.560000000000000426e-04,9.502720000000000868e-09,7.456765752144236536e+00,3.367309845914236849e-02,1.936829076569621222e+01,9.250000000000001277e-02
8.000000000000000167e-03,1.918208086790413945e+05,2.560000000000000426e-04,9.502720000000000868e-09,7.490838456370285670e+00,3.361942498540540503e-02,1.928878994400239932e+01,9.249999999999998501e-02
8.000000000000000167e-03,2.077631756257259403e+05,2.560000000000000426e-04,9.502720000000000868e-09,7.505076873294737716e+00,3.356527119622070010e-02,1.920930647647382727e+01,9.249999999999997113e-02
8.000000000000000167e-03,2.250305242864021857e+05,2.560000000000000426e-04,9.502720000000000868e-09,7.497844549404903525e+00,3.351224237322610044e-02,1.913602036156777686e+01,9.249999999999827804e-02
8.000000000000000167e-03,2.437329748551585071e+05,2.560000000000000426e-04,9.502720000000000868e-09,7.468144608602422352e+00,3.346216130203074485e-02,1.907510727399266770e+01,9.249999999999997113e-02
8.000000000000000167e-03,2.639897996955213021e+05,2.560000000000000426e-04,9.502720000000000868e-09,7.425410973194187747e+00,3.341685691495611954e-02,1.903061743925269766e+01,9.249999999999997113e-02
8.000000000000000167e-03,2.859301839839105378e+05,2.560000000000000426e-04,9.502720000000000868e-09,7.374994619499330106e+00,3.337777960439374664e-02,1.900414667867376650e+01,9.250000000000010991e-02
8.000000000000000167e-03,3.096940495707346709e+05,2.560000000000000426e-04,9.502720000000000868e-09,7.327270516612618856e+00,3.334544897471725805e-02,1.899456522114448376e+01,9.250000000000094258e-02
8.000000000000000167e-03,3.354329473131714622e+05,2.560000000000000426e-04,9.502720000000000868e-09,7.296558512099491800e+00,3.331967139357536883e-02,1.899831692701560115e+01,9.249999999999997113e-02
8.000000000000000167e-03,3.633110235703847138e+05,2.560000000000000426e-04,9.502720000000000868e-09,7.288342151597754004e+00,3.329960996316893435e-02,1.901013664065773767e+01,9.249999999999951317e-02
8.000000000000000167e-03,3.935060670248524402e+05,2.560000000000000426e-04,9.502720000000000868e-09,7.304343145734609521e+00,3.328371481904359580e-02,1.902346254440656992e+01,9.250000000000056788e-02
8.000000000000000167e-03,4.262106425057829474e+05,2.560000000000000426e-04,9.502720000000000868e-09,7.344237750415082644e+00,3.327033486038407512e-02,1.903221569267441282e+01,9.250000000000073441e-02
8.000000000000000167e-03,4.616333190454205032e+05,2.560000000000000426e-04,9.502720000000000868e-09,7.397303804345476408e+00,3.325786084410241317e-02,1.903115829278511484e+01,9.249999999999929112e-02
8.000000000000000167e-03,5.000000000000000000e+05,2.560000000000000426e-04,9.502720000000000868e-09,7.447631556645705864e+00,3.324496639270113629e-02,1.901690174448345516e+01,9.250000000000001277e-02
8.999999999999999320e-03,1.000000000000000000e+04,3.239999999999999608e-04,1.522151999999999481e-08,6.546511279112173121e+00,4.149082630753880840e-02,2.341513138263290728e+01,9.249999999999999889e-02
8.999999999999999320e-03,1.083110727436042180e+04,3.239999999999999608e-04,1.522151999999999481e-08,6.643240659459511477e+00,4.092580398119935459e-02,2.285446440134013812e+01,9.249999999999999889e-02
8.999999999999999320e-03,1.173128847887029951e+04,3.239999999999999608e-04,1.522151999999999481e-08,6.735419388354259240e+00,4.038263316649371576e-02,2.232570832574578645e+01,9.250000000000122014e-02
8.999999999999999320e-03,1.270628439811126918e+04,3.239999999999999608e-04,1.522151999999999481e-08,6.821833386538755484e+00,3.986098210028954369e-02,2.182781754517319683e+01,9.249999999999999889e-02
8.999999999999999320e-03,1.376231293744750110e+04,3.239999999999999608e-04,1.522151999999999481e-08,6.901295778943314474e+00,3.936050600874816535e-02,2.135955974434440918e+01,9.249999999999998501e-02
8.999999999999999320e-03,1.490610877688121582e+04,3.239999999999999608e-04,1.522151999999999481e-08,6.973073692483908737e+00,3.888081321643670207e-02,2.091961714281600138e+01,9.249999999999997113e-02
8.999999999999999320e-03,1.614496632056855196e+04,3.239999999999999608e-04,1.522151999999999481e-08,7.037213845281030444e+00,3.842151754200965469e-02,2.050680840340265476e+01,9.249999999999998501e-02
8.999999999999999320e-03,1.748678621590140392e+04,3.239999999999999608e-04,1.522151999999999481e-08,7.094572662684893061e+00,3.798225327529639733e-02,2.012039495977544945e+01,9.249999999999998501e-02
8.999999999999999320e-03,1.894012573882348443e+04,3.239999999999999608e-04,1.522151999999999481e-08,7.146232150677026773e+00,3.756278546545145647e-02,1.975999886581952580e+01,9.249999999999997113e-02
8.999999999999999320e-03,2.051425336670720935e+04,3.239999999999999608e-04,1.522151999999999481e-08,7.192534371959777850e+00,3.716298400608085417e-02,1.942566458009189390e+01,9.250000000000001277e-02
8.999999999999999320e-03,2.221920788682152124e+04,3.239999999999999608e-04,1.522151999999999481e-08,7.232278729941715945e+00,3.678281997785442375e-02,1.911737586876756723e+01,9.249999999999995726e-02
8.999999999999999320e-03,2.406586241734785290e+04,3.239999999999999608e-04,1.522151999999999481e-08,7.263244264420603002e+00,3.642228477026382416e-02,1.883472929474008950e+01,9.249999999999998501e-02
8.999999999999999320e-03,2.606599374922933930e+04,3.239999999999999608e-04,1.522151999999999481e-08,7.283863560028239093e+00,3.608132679044538660e-02,1.857687636431410994e+01,9.250000000000001277e-02
8.999999999999999320e-03,2.823235745107105686e+04,3.239999999999999608e-04,1.522151999999999481e-08,7.294447162367274196e+00,3.575985304628109124e-02,1.834291952963237904e+01,9.249999999999998501e-02
8.999999999999999320e-03,3.057876921606393807e+04,3.239999999999999608e-04,1.522151999999999481e-08,7.296455982974781485e+00,3.545775565667730334e-02,1.813233243134235906e+01,9.249999999999999889e-02
8.999999999999999320e-03,3.312019296970979485e+04,3.239999999999999608e-04,1.522151999999999481e-08,7.290422959306284589e+00,3.517491188410151737e-02,1.794486659968070086e+01,9.250000000000001277e-02
8.999999999999999320e-03,3.587283630024446029e+04,3.239999999999999608e-04,1.522151999999999481e-08,7.275698196697240050e+00,3.491114624406782552e-02,1.778008445556581663e+01,9.249999999999999889e-02
8.999999999999999320e-03,3.885425382035175426e+04,3.239999999999999608e-04,1.522151999999999481e-08,7.252817309182129968e+00,3.466618112152348302e-02,1.763719779589662906e+01,9.249999999999998501e-02
8.999999999999999320e-03,4.208345911934581090e+04,3.239999999999999608e-04,1.522151999999999481e-08,7.224465055940108016e+00,3.443970865869128151e-02,1.751569388216686107e+01,9.249999999999999889e-02
8.999999999999999320e-03,4.558104601977957645e+04,3.239999999999999608e-04,1.522151999999999481e-08,7.192465859086744295e+00,3.423142163676259897e-02,1.741572243074174864e+01,9.249999999999999889e-02
8.999999999999999320e-03,4.936931991177907184e+04,3.239999999999999608e-04,1.522151999999999481e-08,7.153977231248575208e+00,3.404092830947540171e-02,1.733675873240170873e+01,9.249999999999998501e-02
8.999999999999999320e-03,5.347244000266970397e+04,3.239999999999999608e-04,1.522151999999999481e-08,7.108057711466474693e+00,3.386775292794964864e-02,1.727691068125981744e+01,9.249999999999999889e-02
8.999999999999999320e-03,5.791657338907157828e+04,3.239999999999999608e-04,1.522151999999999481e-08,7.061397529606270318e+00,3.371155582644859428e-02,1.723512584200678077e+01,9.249999999999998501e-02
8.999999999999999320e-03,6.273006193404024089e+04,3.239999999999999608e-04,1.522151999999999481e-08,7.016481238085298777e+00,3.357193946263056783e-02,1.721158255077541099e+01,9.249999999999999889e-02
8.999999999999999320e-03,6.794360301348615030e+04,3.239999999999999608e-04,1.522151999999999481e-08,6.968821683348520146e+00,3.344803914360761771e-02,1.720430198088020646e+01,9.249999999999997113e-02
8.999999999999999320e-03,7.359044528456265107e+04,3.239999999999999608e-04,1.522151999999999481e-08,6.924040393906384594e+00,3.333850538708891392e-02,1.720957023232959315e+01,9.249999999999999889e-02
8.999999999999999320e-03,7.970660072450475127e+04,3.239999999999999608e-04,1.522151999999999481e-08,6.891685999838978560e+00,3.324204818103514841e-02,1.722565633742272695e+01,9.249999999999929112e-02
8.999999999999999320e-03,8.633107429217250319e+04,3.239999999999999608e-04,1.522151999999999481e-08,6.867608154278553201e+00,3.315742481832144317e-02,1.725005576392468498e+01,9.250000000000001277e-02
8.999999999999999320e-03,9.350611267692994443e+04,3.239999999999999608e-04,1.522151999999999481e-08,6.852253259869381274e+00,3.308306271897967082e-02,1.727817371597868146e+01,9.249999999999997113e-02
8.999999999999999320e-03,1.012774737212259060e+05,3.239999999999999608e-04,1.522151999999999481e-08,6.851239189813846053e+00,3.301705979402645708e-02,1.730565039059991506e+01,9.249999999999998501e-02
8.999999999999999320e-03,1.096947182350816292e+05,3.239999999999999608e-04,1.522151999999999481e-08,6.869188635318873359e+00,3.295724503178167758e-02,1.732786635959065791e+01,9.249999999999999889e-02
8.999999999999999320e-03,1.188115260634906881e+05,3.239999999999999608e-04,1.522151999999999481e-08,6.905397310236241815e+00,3.290133707562054033e-02,1.734030687834658124e+01,9.249999999999963807e-02
8.999999999999999320e-03,1.286860384224136797e+05,3.239999999999999608e-04,1.522151999999999481e-08,6.955286102084722977e+00,3.284721001723361206e-02,1.733760439394430009e+01,9.250000000000165035e-02
8.999999999999999320e-03,1.393812286865626520e+05,3.239999999999999608e-04,1.522151999999999481e-08,7.022507249549829744e+00,3.279335583566397178e-02,1.731735830316844016e+01,9.249999999999999889e-02
8.999999999999999320e-03,1.509653039936322020e+05,3.239999999999999608e-04,1.522151999999999481e-08,7.087510790094268209e+00,3.273948143316632309e-02,1.727678310750647483e+01,9.249999999999998501e-02
8.999999999999999320e-03,1.635121402261458861e+05,3.239999999999999608e-04,1.522151999999999481e-08,7.150123704112075096e+00,3.268494475523837234e-02,1.721836361373847524e+01,9.249999999999999889e-02
8.999999999999999320e-03,1.771017531449649832e+05,3.239999999999999608e-04,1.522151999999999481e-08,7.197715981594158485e+00,3.263063154505875529e-02,1.714848141982873386e+01,9.249999999999999889e-02
8.999999999999999320e-03,1.918208086790413945e+05,3.239999999999999608e-04,1.522151999999999481e-08,7.228431081497661559e+00,3.257779540679622138e-02,1.707261473543688624e+01,9.249999999999999889e-02
8.999999999999999320e-03,2.077631756257259403e+05,3.239999999999999608e-04,1.522151999999999481e-08,7.240188704473190739e+00,3.252490244651936452e-02,1.699767623057464405e+01,9.249999999999997113e-02
8.999999999999999320e-03,2.250305242864021857e+05,3.239999999999999608e-04,1.522151999999999481e-08,7.230244812405262067e+00,3.247335995408566489e-02,1.693009107746038566e+01,9.249999999999997113e-02
8.999999999999999320e-03,2.437329748551585071e+05,3.239999999999999608e-04,1.522151999999999481e-08,7.203779197287373037e+00,3.242483240395473143e-02,1.687457786348013400e+01,9.249999999999995726e-02
8.999999999999999320e-03,2.639897996955213021e+05,3.239999999999999608e-04,1.522151999999999481e-08,7.160310593865826689e+00,3.238091962507413935e-02,1.683349435384486270e+01,9.249999999999999889e-02
8.999999999999999320e-03,2.859301839839105378e+05,3.239999999999999608e-04,1.522151999999999481e-08,7.110734664230291102e+00,3.234263872028948078e-02,1.680765895366615581e+01,9.250000000000001277e-02
8.999999999999999320e-03,3.096940495707346709e+05,3.239999999999999608e-04,1.522151999999999481e-08,7.054292868791147697e+00,3.231058724859060122e-02,1.679639303480892920e+01,9.249999999999997113e-02
8.999999999999999320e-03,3.354329473131714622e+05,3.239999999999999608e-04,1.522151999999999481e-08,7.000581924612424345e+00,3.228518961859767888e-02,1.679871128175364348e+01,9.250000000000101197e-02
8.999999999999999320e-03,3.633110235703847138e+05,3.239999999999999608e-04,1.522151999999999481e-08,6.956875362023890119e+00,3.226613664935924081e-02,1.681187551346039655e+01,9.249999999999911071e-02
8.999999999999999320e-03,3.935060670248524402e+05,3.239999999999999608e-04,1.522151999999999481e-08,6.927636567535961021e+00,3.225250815404767657e-02,1.683173432192331376e+01,9.249999999999997113e-02
8.999999999999999320e-03,4.262106425057829474e+05,3.239999999999999608e-04,1.522151999999999481e-08,6.923478437571832345e+00,3.224184141482498017e-02,1.685097802146962565e+01,9.250000000000119238e-02
8.999999999999999320e-03,4.616333190454205032e+05,3.239999999999999608e-04,1.522151999999999481e-08,6.943410945189644856e+00,3.223055678118358358e-02,1.686092650159043060e+01,9.249999999999999889e-02
8.999999999999999320e-03,5.000000000000000000e+05,3.239999999999999608e-04,1.522151999999999481e-08,6.978868962843344015e+00,3.221603314956422714e-02,1.685644228310747650e+01,9.250000000000095646e-02
1.000000000000000021e-02,1.000000000000000000e+04,4.000000000000000192e-04,2.319999999999999929e-08,6.394483067021288214e+00,4.054387516982591033e-02,2.016100122786208715e+01,9.249999999999999889e-02
1.000000000000000021e-02,1.083110727436042180e+04,4.000000000000000192e-04,2.319999999999999929e-08,6.477727268490944823e+00,3.999304263425060985e-02,1.967627229925137655e+01,9.250000000000001277e-02
1.000000000000000021e-02,1.173128847887029951e+04,4.000000000000000192e-04,2.319999999999999929e-08,6.555210170737096220e+00,3.946388550830866315e-02,1.922030630611762092e+01,9.250000000000001277e-02
1.000000000000000021e-02,1.270628439811126918e+04,4.000000000000000192e-04,2.319999999999999929e-08,6.627155811755006454e+00,3.895598521273914427e-02,1.879212773780540502e+01,9.249999999999999889e-02
1.000000000000000021e-02,1.376231293744750110e+04,4.000000000000000192e-04,2.319999999999999929e-08,6.694072253602164402e+00,3.846912070352509483e-02,1.839106610282722798e+01,9.249999999999997113e-02
1.000000000000000021e-02,1.490610877688121582e+04,4.000000000000000192e-04,2.319999999999999929e-08,6.756430821214537197e+00,3.800318490972193208e-02,1.801685430724283066e+01,9.249999999999999889e-02
1.000000000000000021e-02,1.614496632056855196e+04,4.000000000000000192e-04,2.319999999999999929e-08,6.814148629682538427e+00,3.755815884127256671e-02,1.766936672433827482e+01,9.249999999999998501e-02
1.000000000000000021e-02,1.748678621590140392e+04,4.000000000000000192e-04,2.319999999999999929e-08,6.866264648775169732e+00,3.713400990637995974e-02,1.734840374802721641e+01,9.250000000000001277e-02
1.000000000000000021e-02,1.894012573882348443e+04,4.000000000000000192e-04,2.319999999999999929e-08,6.911061244331370368e+00,3.673058125313331812e-02,1.705338438705872406e+01,9.249999999999998501e-02
1.000000000000000021e-02,2.051425336670720935e+04,4.000000000000000192e-04,2.319999999999999929e-08,6.946708369473726385e+00,3.634752115852876025e-02,1.678322927646878071e+01,9.249999999999998501e-02
1.000000000000000021e-02,2.221920788682152124e+04,4.000000000000000192e-04,2.319999999999999929e-08,6.972098641977944489e+00,3.598426245528506262e-02,1.653648679503259089e+01,9.249999999999997113e-02
1.000000000000000021e-02,2.406586241734785290e+04,4.000000000000000192e-04,2.319999999999999929e-08,6.987485536371031536e+00,3.564024229748555955e-02,1.631182047265104273e+01,9.250000000000001277e-02
1.000000000000000021e-02,2.606599374922933930e+04,4.000000000000000192e-04,2.319999999999999929e-08,6.994654426000555425e+00,3.531514493084726702e-02,1.610861854224465262e+01,9.249999999999999889e-02
1.000000000000000021e-02,2.823235745107105686e+04,4.000000000000000192e-04,2.319999999999999929e-08,6.995861517389150741e+00,3.500904636237511108e-02,1.592720849833196084e+01,9.249999999999997113e-02
1.000000000000000021e-02,3.057876921606393807e+04,4.000000000000000192e-04,2.319999999999999929e-08,6.991701088215926951e+00,3.472227011300064309e-02,1.576835348047500140e+01,9.249999999999998501e-02
1.000000000000000021e-02,3.312019296970979485e+04,4.000000000000000192e-04,2.319999999999999929e-08,6.980524480564688439e+00,3.445499540708681085e-02,1.563230823990763874e+01,9.249999999999998501e-02
1.000000000000000021e-02,3.587283630024446029e+04,4.000000000000000192e-04,2.319999999999999929e-08,6.960770392043265531e+00,3.420699650583090140e-02,1.551832729298173774e+01,9.249999999999999889e-02
1.000000000000000021e-02,3.885425382035175426e+04,4.000000000000000192e-04,2.319999999999999929e-08,6.933221068795125674e+00,3.397784884660332710e-02,1.542538051182965653e+01,9.249999999999998501e-02
1.000000000000000021e-02,4.208345911934581090e+04,4.000000000000000192e-04,2.319999999999999929e-08,6.900481256722239998e+00,3.376730041193975324e-02,1.535312824664468501e+01,9.249999999999999889e-02
1.000000000000000021e-02,4.558104601977957645e+04,4.000000000000000192e-04,2.319999999999999929e-08,6.863048680615526642e+00,3.357508681315601873e-02,1.530142496843453870e+01,9.250000000000099809e-02
1.000000000000000021e-02,4.936931991177907184e+04,4.000000000000000192e-04,2.319999999999999929e-08,6.818514422435118405e+00,3.340049714409776271e-02,1.526911675314617156e+01,9.249999999999916622e-02
1.000000000000000021e-02,5.347244000266970397e+04,4.000000000000000192e-04,2.319999999999999929e-08,6.768865393735683966e+00,3.324238538589445457e-02,1.525400894723564171e+01,9.249999999999997113e-02
1.000000000000000021e-02,5.791657338907157828e+04,4.000000000000000192e-04,2.319999999999999929e-08,6.720852055736734165e+00,3.310003612395781558e-02,1.525519922514849291e+01,9.249999999999999889e-02
1.000000000000000021e-02,6.273006193404024089e+04,4.000000000000000192e-04,2.319999999999999929e-08,6.675123772229544450e+00,3.297329071700568631e-02,1.527346424676236758e+01,9.249999999999997113e-02
1.000000000000000021e-02,6.794360301348615030e+04,4.000000000000000192e-04,2.319999999999999929e-08,6.626038547891960562e+00,3.286099941496331556e-02,1.530640385519079594e+01,9.249999999999999889e-02
1.000000000000000021e-02,7.359044528456265107e+04,4.000000000000000192e-04,2.319999999999999929e-08,6.579623828669051377e+00,3.276099285078844237e-02,1.534822055295527221e+01,9.249999999999904132e-02
1.000000000000000021e-02,7.970660072450475127e+04,4.000000000000000192e-04,2.319999999999999929e-08,6.547127051015610988e+00,3.267196846003181387e-02,1.539586897609755844e+01,9.249999999999998501e-02
1.000000000000000021e-02,8.633107429217250319e+04,4.000000000000000192e-04,2.319999999999999929e-08,6.525227370873929011e+00,3.259288085660688727e-02,1.544714030713349828e+01,9.249999999999997113e-02
1.000000000000000021e-02,9.350611267692994443e+04,4.000000000000000192e-04,2.319999999999999929e-08,6.513099711519196866e+00,3.252195149631412902e-02,1.549662708690271984e+01,9.250000000000102585e-02
1.000000000000000021e-02,1.012774737212259060e+05,4.000000000000000192e-04,2.319999999999999929e-08,6.522983469034379311e+00,3.245782076272502731e-02,1.554012746488646712e+01,9.249999999999997113e-02
1.000000000000000021e-02,1.096947182350816292e+05,4.000000000000000192e-04,2.319999999999999929e-08,6.559189048504016739e+00,3.239865741751603995e-02,1.557304703867487028e+01,9.249999999999999889e-02
1.000000000000000021e-02,1.188115260634906881e+05,4.000000000000000192e-04,2.319999999999999929e-08,6.621332683321211832e+00,3.234220943060638759e-02,1.558959651651122336e+01,9.249999999999999889e-02
1.000000000000000021e-02,1.286860384224136797e+05,4.000000000000000192e-04,2.319999999999999929e-08,6.701847726811509531e+00,3.228648759752277692e-02,1.558564846223601208e+01,9.249999999999999889e-02
1.000000000000000021e-02,1.393812286865626520e+05,4.000000000000000192e-04,2.319999999999999929e-08,6.787884075234430270e+00,3.222900195965959502e-02,1.555777651647710513e+01,9.249999999999999889e-02
1.000000000000000021e-02,1.509653039936322020e+05,4.000000000000000192e-04,2.319999999999999929e-08,6.871031041715555787e+00,3.216905358305716112e-02,1.550870082131387662e+01,9.249999999999844458e-02
1.000000000000000021e-02,1.635121402261458861e+05,4.000000000000000192e-04,2.319999999999999929e-08,6.928355313955168349e+00,3.210720410478992010e-02,1.544452700612615814e+01,9.249999999999998501e-02
1.000000000000000021e-02,1.771017531449649832e+05,4.000000000000000192e-04,2.319999999999999929e-08,6.964977563717984488e+00,3.204489747582357773e-02,1.537279567402698888e+01,9.249999999999995726e-02
1.000000000000000021e-02,1.918208086790413945e+05,4.000000000000000192e-04,2.319999999999999929e-08,6.983064493520243055e+00,3.198470231933246005e-02,1.530378268778411410e+01,9.249999999999999889e-02
1.000000000000000021e-02,2.077631756257259403e+05,4.000000000000000192e-04,2.319999999999999929e-08,6.981545316625428654e+00,3.192761408883558472e-02,1.524124097061442562e+01,9.250000000000001277e-02
1.000000000000000021e-02,2.250305242864021857e+05,4.000000000000000192e-04,2.319999999999999929e-08,6.971431630159532489e+00,3.187489895224795283e-02,1.518793971599431991e+01,9.249999999999948541e-02
1.000000000000000021e-02,2.437329748551585071e+05,4.000000000000000192e-04,2.319999999999999929e-08,6.949447609099544287e+00,3.182717188458221436e-02,1.514473658594132210e+01,9.249999999999998501e-02
1.000000000000000021e-02,2.639897996955213021e+05,4.000000000000000192e-04,2.319999999999999929e-08,6.919473091046996593e+00,3.178453506119594679e-02,1.511121074711197210e+01,9.249999999999999889e-02
1.000000000000000021e-02,2.859301839839105378e+05,4.000000000000000192e-04,2.319999999999999929e-08,6.887880803958519316e+00,3.174776240096878477e-02,1.508757895302325913e+01,9.249999999999999889e-02
1.000000000000000021e-02,3.096940495707346709e+05,4.000000000000000192e-04,2.319999999999999929e-08,6.850886330626913434e+00,3.171791930091524131e-02,1.507346697135797164e+01,9.249999999999997113e-02
1.000000000000000021e-02,3.354329473131714622e+05,4.000000000000000192e-04,2.319999999999999929e-08,6.815704833068330970e+00,3.169338989705557802e-02,1.506784718077041774e+01,9.249999999999951317e-02
1.000000000000000021e-02,3.633110235703847138e+05,4.000000000000000192e-04,2.319999999999999929e-08,6.782489546456904606e+00,3.167257467028892354e-02,1.506780331916990612e+01,9.249999999999948541e-02
1.000000000000000021e-02,3.935060670248524402e+05,4.000000000000000192e-04,2.319999999999999929e-08,6.760362598979719806e+00,3.165494770237820693e-02,1.507195301486816419e+01,9.250000000000022093e-02
1.000000000000000021e-02,4.262106425057829474e+05,4.000000000000000192e-04,2.319999999999999929e-08,6.755174243260036349e+00,3.163906212906093807e-02,1.507695204118128807e+01,9.250000000000077605e-02
1.000000000000000021e-02,4.616333190454205032e+05,4.000000000000000192e-04,2.319999999999999929e-08,6.774454898552789928e+00,3.162369038322782738e-02,1.507953779638552660e+01,9.250000000000012379e-02
1.000000000000000021e-02,5.000000000000000000e+05,4.000000000000000192e-04,2.319999999999999929e-08,6.820130241154794604e+00,3.160690798041879135e-02,1.507546825457065509e+01,9.249999999999999889e-02
1.099999999999999936e-02,1.000000000000000000e+04,4.839999999999999468e-04,3.396711999999998103e-08,6.305895192369083802e+00,3.989059054619326777e-02,1.740218495088020845e+01,9.249999999999997113e-02
1.099999999999999936e-02,1.083110727436042180e+04,4.839999999999999468e-04,3.396711999999998103e-08,6.377937533941227422e+00,3.935482431355162569e-02,1.698891839027073303e+01,9.250000000000001277e-02
1.099999999999999936e-02,1.173128847887029951e+04,4.839999999999999468e-04,3.396711999999998103e-08,6.445453969988012233e+00,3.884122265294419341e-02,1.660479570053320586e+01,9.249999999999997113e-02
1.099999999999999936e-02,1.270628439811126918e+04,4.839999999999999468e-04,3.396711999999998103e-08,6.507319426030231391e+00,3.834938004562758740e-02,1.624870305093003608e+01,9.249999999999999889e-02
1.099999999999999936e-02,1.376231293744750110e+04,4.839999999999999468e-04,3.396711999999998103e-08,6.562304274994287923e+00,3.787881092394494720e-02,1.591926506627585347e+01,9.249999999999997113e-02
1.099999999999999936e-02,1.490610877688121582e+04,4.839999999999999468e-04,3.396711999999998103e-08,6.609378405128127909e+00,3.742897140736801964e-02,1.561486547818775961e+01,9.249999999999998501e-02
1.099999999999999936e-02,1.614496632056855196e+04,4.839999999999999468e-04,3.396711999999998103e-08,6.648071827179062865e+00,3.699937059868378675e-02,1.533393884929515139e+01,9.249999999999999889e-02
1.099999999999999936e-02,1.748678621590140392e+04,4.839999999999999468e-04,3.396711999999998103e-08,6.678737192214002860e+00,3.658965309656839193e-02,1.507532980407796686e+01,9.249999999999997113e-02
1.099999999999999936e-02,1.894012573882348443e+04,4.839999999999999468e-04,3.396711999999998103e-08,6.702528403718444494e+00,3.619969499054453282e-02,1.483858507532412219e+01,9.250000000000001277e-02
1.099999999999999936e-02,2.051425336670720935e+04,4.839999999999999468e-04,3.396711999999998103e-08,6.720904348594394229e+00,3.582957706743541970e-02,1.462397949060878766e+01,9.249999999999998501e-02
1.099999999999999936e-02,2.221920788682152124e+04,4.839999999999999468e-04,3.396711999999998103e-08,6.734623629340751982e+00,3.547949214178462707e-02,1.443217824203860822e+01,9.249999999999998501e-02
1.099999999999999936e-02,2.406586241734785290e+04,4.839999999999999468e-04,3.396711999999998103e-08,6.742942346088120154e+00,3.514957114817865436e-02,1.426379120605554718e+01,9.250000000000001277e-02
1.099999999999999936e-02,2.606599374922933930e+04,4.839999999999999468e-04,3.396711999999998103e-08,6.743755915993005168e+00,3.483974446487039106e-02,1.411889224387100050e+01,9.249999999999997113e-02
1.099999999999999936e-02,2.823235745107105686e+04,4.839999999999999468e-04,3.396711999999998103e-08,6.734921306247480643e+00,3.454962993348571071e-02,1.399664219348665384e+01,9.249999999999918010e-02
1.099999999999999936e-02,3.057876921606393807e+04,4.839999999999999468e-04,3.396711999999998103e-08,6.715842281081725318e+00,3.427862490519532207e-02,1.389537506711934967e+01,9.249999999999998501e-02
1.099999999999999936e-02,3.312019296970979485e+04,4.839999999999999468e-04,3.396711999999998103e-08,6.688330480363978481e+00,3.402617009486710170e-02,1.381360929840596441e+01,9.249999999999997113e-02
1.099999999999999936e-02,3.587283630024446029e+04,4.839999999999999468e-04,3.396711999999998103e-08,6.655626753446471255e+00,3.379206142016509540e-02,1.375119434516482997e+01,9.249999999999998501e-02
1.099999999999999936e-02,3.885425382035175426e+04,4.839999999999999468e-04,3.396711999999998103e-08,6.619207648105019715e+00,3.357629822070264808e-02,1.370894605048880521e+01,9.249999999999997113e-02
1.099999999999999936e-02,4.208345911934581090e+04,4.839999999999999468e-04,3.396711999999998103e-08,6.577305191896627434e+00,3.337858087682331332e-02,1.368678588966911747e+01,9.249999999999999889e-02
1.099999999999999936e-02,4.558104601977957645e+04,4.839999999999999468e-04,3.396711999999998103e-08,6.528750603785540285e+00,3.319802486037318201e-02,1.368247568485003285e+01,9.250000000000001277e-02
1.099999999999999936e-02,4.936931991177907184e+04,4.839999999999999468e-04,3.396711999999998103e-08,6.476360115233864789e+00,3.303370181657590970e-02,1.369331706901106038e+01,9.249999999999999889e-02
1.099999999999999936e-02,5.347244000266970397e+04,4.839999999999999468e-04,3.396711999999998103e-08,6.422910141247769822e+00,3.288535659241184628e-02,1.371924328724044351e+01,9.249999999999997113e-02
1.099999999999999936e-02,5.791657338907157828e+04,4.839999999999999468e-04,3.396711999999998103e-08,6.366528603814787246e+00,3.275292966248469217e-02,1.376122860186231556e+01,9.249999999999997113e-02
1.099999999999999936e-02,6.273006193404024089e+04,4.839999999999999468e-04,3.396711999999998103e-08,6.304907160948611811e+00,3.263534932789347032e-02,1.381650870576105739e+01,9.249999999999998501e-02
1.099999999999999936e-02,6.794360301348615030e+04,4.839999999999999468e-04,3.396711999999998103e-08,6.244695524406312259e+00,3.253052940125738396e-02,1.387882419377260135e+01,9.250000000000051237e-02
1.099999999999999936e-02,7.359044528456265107e+04,4.839999999999999468e-04,3.396711999999998103e-08,6.198421204921549688e+00,3.243730999748426630e-02,1.394672909069090849e+01,9.249999999999999889e-02
1.099999999999999936e-02,7.970660072450475127e+04,4.839999999999999468e-04,3.396711999999998103e-08,6.171358775078536141e+00,3.235460166285664130e-02,1.401932444988155524e+01,9.249999999999997113e-02
1.099999999999999936e-02,8.633107429217250319e+04,4.839999999999999468e-04,3.396711999999998103e-08,6.164564642924801774e+00,3.227850576632533552e-02,1.408359593079325833e+01,9.249999999999999889e-02
1.099999999999999936e-02,9.350611267692994443e+04,4.839999999999999468e-04,3.396711999999998103e-08,6.183443472634029270e+00,3.220482958278140379e-02,1.412418080186544955e+01,9.249999999999999889e-02
1.099999999999999936e-02,1.012774737212259060e+05,4.839999999999999468e-04,3.396711999999998103e-08,6.233165528925131760e+00,3.213231615778985167e-02,1.413878293616183868e+01,9.249999999999999889e-02
1.099999999999999936e-02,1.096947182350816292e+05,4.839999999999999468e-04,3.396711999999998103e-08,6.304263779009015245e+00,3.206206345130585555e-02,1.413288627045567303e+01,9.249999999999999889e-02
1.099999999999999936e-02,1.188115260634906881e+05,4.839999999999999468e-04,3.396711999999998103e-08,6.381430939709368033e+00,3.199469386732114312e-02,1.410789224905940209e+01,9.249999999999998501e-02
1.099999999999999936e-02,1.286860384224136797e+05,4.839999999999999468e-04,3.396711999999998103e-08,6.455198577804981852e+00,3.193099802022101447e-02,1.406711086058377802e+01,9.249999999999997113e-02
1.099999999999999936e-02,1.393812286865626520e+05,4.839999999999999468e-04,3.396711999999998103e-08,6.515663353704907124e+00,3.187196707081058067e-02,1.401442755333774492e+01,9.249999999999997113e-02
1.099999999999999936e-02,1.509653039936322020e+05,4.839999999999999468e-04,3.396711999999998103e-08,6.565019126810107686e+00,3.181820763049375556e-02,1.395502144814210155e+01,9.249999999999997113e-02
1.099999999999999936e-02,1.635121402261458861e+05,4.839999999999999468e-04,3.396711999999998103e-08,6.594817896627923837e+00,3.176962615125434458e-02,1.389630783551151971e+01,9.250000000000081768e-02
1.099999999999999936e-02,1.771017531449649832e+05,4.839999999999999468e-04,3.396711999999998103e-08,6.601457182815482660e+00,3.172507775889384096e-02,1.384178111879647233e+01,9.249999999999912459e-02
1.099999999999999936e-02,1.918208086790413945e+05,4.839999999999999468e-04,3.396711999999998103e-08,6.604398973520383187e+00,3.168443881109624799e-02,1.379602787136947484e+01,9.250000000000113687e-02
1.099999999999999936e-02,2.077631756257259403e+05,4.839999999999999468e-04,3.396711999999998103e-08,6.593634766516236034e+00,3.164687515501569959e-02,1.376166276423273693e+01,9.249999999999998501e-02
1.099999999999999936e-02,2.250305242864021857e+05,4.839999999999999468e-04,3.396711999999998103e-08,6.573794443523734543e+00,3.161105079972909015e-02,1.373684878330289827e+01,9.249999999999888867e-02
1.099999999999999936e-02,2.437329748551585071e+05,4.839999999999999468e-04,3.396711999999998103e-08,6.550355710948737809e+00,3.157768387528718523e-02,1.372380734072959108e+01,9.249999999999998501e-02
1.099999999999999936e-02,2.639897996955213021e+05,4.839999999999999468e-04,3.396711999999998103e-08,6.521926407706685858e+00,3.154688821592118581e-02,1.372122031112750129e+01,9.249999999999998501e-02
1.099999999999999936e-02,2.859301839839105378e+05,4.839999999999999468e-04,3.396711999999998103e-08,6.490699240580017459e+00,3.151890425422339270e-02,1.372802978494739179e+01,9.249999999999844458e-02
1.099999999999999936e-02,3.096940495707346709e+05,4.839999999999999468e-04,3.396711999999998103e-08,6.466836330166999325e+00,3.149328379496452168e-02,1.374014163374771691e+01,9.249999999999966582e-02
1.099999999999999936e-02,3.354329473131714622e+05,4.839999999999999468e-04,3.396711999999998103e-08,6.453837148477842511e+00,3.146748134567913663e-02,1.374864610169120915e+01,9.249999999999998501e-02
1.099999999999999936e-02,3.633110235703847138e+05,4.839999999999999468e-04,3.396711999999998103e-08,6.457483115567455911e+00,3.144148026726120704e-02,1.375095743977716012e+01,9.249999999999997113e-02
1.099999999999999936e-02,3.935060670248524402e+05,4.839999999999999468e-04,3.396711999999998103e-08,6.459417879204657709e+00,3.141386377493196602e-02,1.374459114485129163e+01,9.249999999999997113e-02
1.099999999999999936e-02,4.262106425057829474e+05,4.839999999999999468e-04,3.396711999999998103e-08,6.448885960678657270e+00,3.138520375902838916e-02,1.373428966852346100e+01,9.250000000000016542e-02
1.099999999999999936e-02,4.616333190454205032e+05,4.839999999999999468e-04,3.396711999999998103e-08,6.455113820685093984e+00,3.135606633121253151e-02,1.371963399591473376e+01,9.250000000000134504e-02
1.099999999999999936e-02,5.000000000000000000e+05,4.839999999999999468e-04,3.396711999999998103e-08,6.471154953977014124e+00,3.132879081482112249e-02,1.370979423588397772e+01,9.249999999999999889e-02
