marker_name,frame,time_s,x_px,y_px,x_m,y_m,confidence
M1,0,0.0000,1157.50,200.00,0.000907,-0.027163,1.0000
M1,1,0.0167,1157.50,200.00,0.000907,-0.027163,1.0000
M1,2,0.0333,1156.50,200.00,0.001492,-0.027181,1.0000
M1,3,0.0500,1156.50,200.00,0.001492,-0.027181,1.0000
M1,4,0.0667,1156.50,199.00,0.001474,-0.027766,1.0000
M1,5,0.0833,1155.50,200.00,0.002077,-0.027198,1.0000
M1,6,0.1000,1156.50,199.00,0.001474,-0.027766,1.0000
M1,7,0.1167,1155.50,199.00,0.002059,-0.027784,1.0000
M1,8,0.1333,1155.50,199.00,0.002059,-0.027784,1.0000
M1,9,0.1500,1155.50,199.00,0.002059,-0.027784,1.0000
M1,10,0.1667,1155.50,199.00,0.002059,-0.027784,1.0000
M1,11,0.1833,1154.50,199.00,0.002644,-0.027801,1.0000
M1,12,0.2000,1154.50,199.00,0.002644,-0.027801,1.0000
M1,13,0.2167,1155.50,199.00,0.002059,-0.027784,1.0000
M1,14,0.2333,1155.50,199.00,0.002059,-0.027784,1.0000
M1,15,0.2500,1155.50,197.00,0.002024,-0.028954,1.0000
M1,16,0.2667,1155.50,199.00,0.002059,-0.027784,1.0000
M1,17,0.2833,1155.50,197.00,0.002024,-0.028954,1.0000
M1,18,0.3000,1155.50,196.00,0.002006,-0.029539,1.0000
M1,19,0.3167,1155.50,194.00,0.001971,-0.030709,1.0000
M1,20,0.3333,1154.50,195.00,0.002574,-0.030141,1.0000
M1,21,0.3500,1155.50,196.00,0.002006,-0.029539,1.0000
M1,22,0.3667,1154.50,195.00,0.002574,-0.030141,1.0000
M1,23,0.3833,1153.50,194.00,0.003141,-0.030744,1.0000
M1,24,0.4000,1154.50,196.00,0.002591,-0.029556,1.0000
M1,25,0.4167,1155.50,195.00,0.001989,-0.030124,1.0000
M1,26,0.4333,1155.50,195.00,0.001989,-0.030124,1.0000
M1,27,0.4500,1153.50,194.00,0.003141,-0.030744,1.0000
M1,28,0.4667,1154.50,195.00,0.002574,-0.030141,1.0000
M1,29,0.4833,1154.50,195.00,0.002574,-0.030141,1.0000
M1,30,0.5000,1153.50,195.00,0.003159,-0.030159,1.0000
M1,31,0.5167,1154.50,195.00,0.002574,-0.030141,1.0000
M1,32,0.5333,1155.50,195.00,0.001989,-0.030124,1.0000
M1,33,0.5500,1155.50,196.00,0.002006,-0.029539,1.0000
M1,34,0.5667,1155.50,196.00,0.002006,-0.029539,1.0000
M1,35,0.5833,1154.50,195.00,0.002574,-0.030141,1.0000
M1,36,0.6000,1155.50,196.00,0.002006,-0.029539,1.0000
M1,37,0.6167,1155.50,195.00,0.001989,-0.030124,1.0000
M1,38,0.6333,1155.50,196.00,0.002006,-0.029539,1.0000
M1,39,0.6500,1155.50,195.00,0.001989,-0.030124,1.0000
M1,40,0.6667,1155.50,195.00,0.001989,-0.030124,1.0000
M1,41,0.6833,1155.50,195.00,0.001989,-0.030124,1.0000
M1,42,0.7000,1154.50,195.00,0.002574,-0.030141,1.0000
M1,43,0.7167,1154.50,195.00,0.002574,-0.030141,1.0000
M1,44,0.7333,1155.50,195.00,0.001989,-0.030124,1.0000
M1,45,0.7500,1155.50,195.00,0.001989,-0.030124,1.0000
M1,46,0.7667,1155.50,195.00,0.001989,-0.030124,1.0000
M1,47,0.7833,1155.50,195.00,0.001989,-0.030124,1.0000
M1,48,0.8000,1153.50,194.00,0.003141,-0.030744,1.0000
M1,49,0.8167,1154.50,194.00,0.002556,-0.030726,1.0000
M1,50,0.8333,1153.50,194.00,0.003141,-0.030744,1.0000
M1,51,0.8500,1154.50,195.00,0.002574,-0.030141,1.0000
M1,52,0.8667,1154.50,195.00,0.002574,-0.030141,1.0000
M1,53,0.8833,1153.50,195.00,0.003159,-0.030159,1.0000
M1,54,0.9000,1154.50,196.00,0.002591,-0.029556,1.0000
M1,55,0.9167,1154.50,196.00,0.002591,-0.029556,1.0000
M1,56,0.9333,1154.50,197.00,0.002609,-0.028971,1.0000
M1,57,0.9500,1154.50,197.00,0.002609,-0.028971,1.0000
M1,58,0.9667,1154.50,197.00,0.002609,-0.028971,1.0000
M1,59,0.9833,1154.50,197.00,0.002609,-0.028971,1.0000
M1,60,1.0000,1154.50,197.00,0.002609,-0.028971,1.0000
M1,61,1.0167,1155.50,197.00,0.002024,-0.028954,1.0000
M1,62,1.0333,1154.50,199.00,0.002644,-0.027801,1.0000
M1,63,1.0500,1155.50,198.00,0.002042,-0.028369,1.0000
M1,64,1.0667,1154.50,198.00,0.002627,-0.028386,1.0000
M1,65,1.0833,1154.50,199.00,0.002644,-0.027801,1.0000
M1,66,1.1000,1153.50,199.00,0.003229,-0.027819,1.0000
M1,67,1.1167,1153.50,199.00,0.003229,-0.027819,1.0000
M1,68,1.1333,1152.50,199.00,0.003814,-0.027837,1.0000
M1,69,1.1500,1152.50,199.00,0.003814,-0.027837,1.0000
M1,70,1.1667,1151.50,200.00,0.004417,-0.027269,1.0000
M1,71,1.1833,1150.50,200.00,0.005002,-0.027287,1.0000
M1,72,1.2000,1149.50,201.00,0.005605,-0.026720,1.0000
M1,73,1.2167,1147.50,201.00,0.006775,-0.026755,1.0000
M1,74,1.2333,1146.50,201.00,0.007360,-0.026773,1.0000
M1,75,1.2500,1145.50,201.00,0.007945,-0.026790,1.0000
M1,76,1.2667,1144.50,200.00,0.008513,-0.027393,1.0000
M1,77,1.2833,1142.50,201.00,0.009700,-0.026844,1.0000
M1,78,1.3000,1141.50,201.00,0.010285,-0.026861,1.0000
M1,79,1.3167,1139.50,201.00,0.011455,-0.026897,1.0000
M1,80,1.3333,1137.50,201.00,0.012626,-0.026932,1.0000
M1,81,1.3500,1136.50,201.00,0.013211,-0.026950,1.0000
M1,82,1.3667,1134.50,201.00,0.014381,-0.026985,1.0000
M1,83,1.3833,1133.50,201.00,0.014966,-0.027003,1.0000
M1,84,1.4000,1131.50,202.00,0.016154,-0.026453,1.0000
M1,85,1.4167,1131.50,201.00,0.016136,-0.027038,1.0000
M1,86,1.4333,1128.50,201.00,0.017891,-0.027092,1.0000
M1,87,1.4500,1127.50,202.00,0.018494,-0.026524,1.0000
M1,88,1.4667,1124.50,201.00,0.020231,-0.027162,1.0000
M1,89,1.4833,1124.50,201.00,0.020231,-0.027162,1.0000
M1,90,1.5000,1122.50,201.00,0.021401,-0.027198,1.0000
M1,91,1.5167,1121.50,201.00,0.021986,-0.027215,1.0000
M1,92,1.5333,1120.50,202.00,0.022589,-0.026648,1.0000
M1,93,1.5500,1119.50,202.00,0.023174,-0.026666,1.0000
M1,94,1.5667,1117.50,202.00,0.024344,-0.026701,1.0000
M1,95,1.5833,1116.50,202.00,0.024929,-0.026719,1.0000
M1,96,1.6000,1114.50,202.00,0.026099,-0.026754,1.0000
M1,97,1.6167,1113.50,203.00,0.026702,-0.026187,1.0000
M1,98,1.6333,1111.50,202.00,0.027854,-0.026808,1.0000
M1,99,1.6500,1110.50,202.00,0.028439,-0.026825,1.0000
M1,100,1.6667,1108.50,203.00,0.029627,-0.026276,1.0000
M1,101,1.6833,1107.50,204.00,0.030230,-0.025708,1.0000
M1,102,1.7000,1104.50,203.00,0.031967,-0.026346,1.0000
M1,103,1.7167,1104.50,205.00,0.032003,-0.025176,1.0000
M1,104,1.7333,1101.50,204.00,0.033740,-0.025815,1.0000
M1,105,1.7500,1100.50,205.00,0.034343,-0.025247,1.0000
M1,106,1.7667,1097.50,205.00,0.036098,-0.025300,1.0000
M1,107,1.7833,1096.50,206.00,0.036701,-0.024733,1.0000
M1,108,1.8000,1093.50,206.00,0.038456,-0.024786,1.0000
M1,109,1.8167,1089.50,207.00,0.040814,-0.024272,1.0000
M1,110,1.8333,1087.50,206.00,0.041966,-0.024892,1.0000
M1,111,1.8500,1085.50,207.00,0.043154,-0.024343,1.0000
M1,112,1.8667,1083.50,208.00,0.044342,-0.023793,1.0000
M1,113,1.8833,1080.50,209.00,0.046115,-0.023261,1.0000
M1,114,1.9000,1078.50,208.00,0.047267,-0.023882,1.0000
M1,115,1.9167,1075.50,208.00,0.049022,-0.023935,1.0000
M1,116,1.9333,1072.50,209.00,0.050795,-0.023403,1.0000
M1,117,1.9500,1069.50,209.00,0.052550,-0.023456,1.0000
M1,118,1.9667,1067.50,209.00,0.053720,-0.023491,1.0000
M1,119,1.9833,1063.50,209.00,0.056061,-0.023562,1.0000
M1,120,2.0000,1060.50,209.00,0.057816,-0.023615,1.0000
M1,121,2.0167,1057.50,209.00,0.059571,-0.023668,1.0000
M1,122,2.0333,1053.50,209.00,0.061911,-0.023739,1.0000
M1,123,2.0500,1050.50,209.00,0.063666,-0.023792,1.0000
M1,124,2.0667,1047.50,209.00,0.065421,-0.023846,1.0000
M1,125,2.0833,1043.50,209.00,0.067761,-0.023916,1.0000
M1,126,2.1000,1040.50,209.00,0.069517,-0.023969,1.0000
M1,127,2.1167,1036.50,209.00,0.071857,-0.024040,1.0000
M1,128,2.1333,1032.50,209.00,0.074197,-0.024111,1.0000
M1,129,2.1500,1029.50,208.00,0.075934,-0.024749,1.0000
M1,130,2.1667,1025.50,208.00,0.078275,-0.024820,1.0000
M1,131,2.1833,1021.50,208.00,0.080615,-0.024891,1.0000
M1,132,2.2000,1017.50,208.00,0.082955,-0.024962,1.0000
M1,133,2.2167,1012.50,208.00,0.085880,-0.025050,1.0000
M1,134,2.2333,1009.50,207.00,0.087618,-0.025689,1.0000
M1,135,2.2500,1005.50,208.00,0.089975,-0.025174,1.0000
M1,136,2.2667,1001.50,207.00,0.092298,-0.025830,1.0000
M1,137,2.2833,997.50,206.00,0.094620,-0.026486,1.0000
M1,138,2.3000,995.50,205.00,0.095773,-0.027107,1.0000
M1,139,2.3167,989.50,207.00,0.099318,-0.026043,1.0000
M1,140,2.3333,985.50,207.00,0.101659,-0.026114,1.0000
M1,141,2.3500,981.50,205.00,0.103963,-0.027354,1.0000
M1,142,2.3667,976.50,206.00,0.106906,-0.026858,1.0000
M1,143,2.3833,972.50,205.00,0.109229,-0.027514,1.0000
M1,144,2.4000,969.50,203.00,0.110948,-0.028737,1.0000
M1,145,2.4167,964.50,204.00,0.113891,-0.028241,1.0000
M1,146,2.4333,959.50,203.00,0.116799,-0.028914,1.0000
M1,147,2.4500,955.50,202.00,0.119121,-0.029570,1.0000
M1,148,2.4667,951.50,202.00,0.121462,-0.029641,1.0000
M1,149,2.4833,946.50,201.00,0.124369,-0.030314,1.0000
M1,150,2.5000,941.50,199.00,0.127259,-0.031573,1.0000
M1,151,2.5167,938.50,198.00,0.128996,-0.032211,1.0000
M1,152,2.5333,935.50,198.00,0.130751,-0.032264,1.0000
M1,153,2.5500,930.50,197.00,0.133659,-0.032938,1.0000
M1,154,2.5667,925.50,196.00,0.136567,-0.033611,1.0000
M1,155,2.5833,921.50,196.00,0.138907,-0.033682,1.0000
M1,156,2.6000,917.50,195.00,0.141229,-0.034338,1.0000
M1,157,2.6167,913.50,194.00,0.143552,-0.034994,1.0000
M1,158,2.6333,909.50,193.00,0.145874,-0.035650,1.0000
M1,159,2.6500,905.50,193.00,0.148214,-0.035721,1.0000
M1,160,2.6667,901.50,192.00,0.150537,-0.036377,1.0000
M1,161,2.6833,898.50,191.00,0.152274,-0.037015,1.0000
M1,162,2.7000,894.50,190.00,0.154597,-0.037671,1.0000
M1,163,2.7167,891.50,189.00,0.156334,-0.038309,1.0000
M1,164,2.7333,887.50,188.00,0.158657,-0.038965,1.0000
M1,165,2.7500,885.50,187.00,0.159809,-0.039585,1.0000
M1,166,2.7667,881.50,185.00,0.162114,-0.040826,1.0000
M1,167,2.7833,878.50,184.00,0.163851,-0.041464,1.0000
M1,168,2.8000,874.50,183.00,0.166174,-0.042120,1.0000
M1,169,2.8167,872.50,182.00,0.167326,-0.042741,1.0000
M1,170,2.8333,869.50,181.00,0.169063,-0.043379,1.0000
M1,171,2.8500,866.50,179.00,0.170783,-0.044602,1.0000
M1,172,2.8667,864.50,179.00,0.171953,-0.044637,1.0000
M1,173,2.8833,860.50,177.00,0.174258,-0.045878,1.0000
M1,174,2.9000,859.50,178.00,0.174861,-0.045311,1.0000
M1,175,2.9167,857.50,176.00,0.175995,-0.046517,1.0000
M1,176,2.9333,853.50,176.00,0.178336,-0.046587,1.0000
M1,177,2.9500,850.50,174.00,0.180055,-0.047811,1.0000
M1,178,2.9667,847.50,174.00,0.181810,-0.047864,1.0000
M1,179,2.9833,844.50,172.00,0.183530,-0.049087,1.0000
M1,180,3.0000,841.50,172.00,0.185285,-0.049140,1.0000
M1,181,3.0167,838.50,170.00,0.187005,-0.050363,1.0000
M1,182,3.0333,834.50,169.00,0.189327,-0.051019,1.0000
M1,183,3.0500,832.50,170.00,0.190515,-0.050469,1.0000
M1,184,3.0667,829.50,168.00,0.192235,-0.051693,1.0000
M1,185,3.0833,826.50,167.00,0.193972,-0.052331,1.0000
M1,186,3.1000,824.50,166.00,0.195125,-0.052951,1.0000
M1,187,3.1167,821.50,167.00,0.196898,-0.052419,1.0000
M1,188,3.1333,818.50,166.00,0.198635,-0.053058,1.0000
M1,189,3.1500,815.50,164.00,0.200355,-0.054281,1.0000
M1,190,3.1667,812.50,164.00,0.202110,-0.054334,1.0000
M1,191,3.1833,809.50,164.00,0.203865,-0.054387,1.0000
M1,192,3.2000,805.50,164.00,0.206205,-0.054458,1.0000
M1,193,3.2167,803.50,164.00,0.207375,-0.054493,1.0000
M1,194,3.2333,799.50,164.00,0.209715,-0.054564,1.0000
M1,195,3.2500,796.50,164.00,0.211471,-0.054617,1.0000
M1,196,3.2667,793.50,164.00,0.213226,-0.054670,1.0000
M1,197,3.2833,790.50,164.00,0.214981,-0.054723,1.0000
M1,198,3.3000,786.50,164.00,0.217321,-0.054794,1.0000
M1,199,3.3167,783.50,164.00,0.219076,-0.054847,1.0000
M1,200,3.3333,779.50,164.00,0.221416,-0.054918,1.0000
M1,201,3.3500,776.50,164.00,0.223172,-0.054971,1.0000
M1,202,3.3667,773.50,164.00,0.224927,-0.055025,1.0000
M1,203,3.3833,768.50,163.00,0.227834,-0.055698,1.0000
M1,204,3.4000,766.50,164.00,0.229022,-0.055148,1.0000
M1,205,3.4167,764.50,164.00,0.230192,-0.055184,1.0000
M1,206,3.4333,761.50,164.00,0.231947,-0.055237,1.0000
M1,207,3.4500,758.50,164.00,0.233702,-0.055290,1.0000
M1,208,3.4667,756.50,163.00,0.234855,-0.055911,1.0000
M1,209,3.4833,752.50,163.00,0.237195,-0.055981,1.0000
M1,210,3.5000,750.50,163.00,0.238365,-0.056017,1.0000
M1,211,3.5167,747.50,163.00,0.240120,-0.056070,1.0000
M1,212,3.5333,744.50,163.00,0.241875,-0.056123,1.0000
M1,213,3.5500,741.50,163.00,0.243630,-0.056176,1.0000
M1,214,3.5667,739.50,162.00,0.244783,-0.056797,1.0000
M1,215,3.5833,736.50,163.00,0.246556,-0.056265,1.0000
M1,216,3.6000,733.50,162.00,0.248293,-0.056903,1.0000
M1,217,3.6167,731.50,161.00,0.249445,-0.057523,1.0000
M1,218,3.6333,728.50,161.00,0.251201,-0.057577,1.0000
M1,219,3.6500,726.50,161.00,0.252371,-0.057612,1.0000
M1,220,3.6667,723.50,161.00,0.254126,-0.057665,1.0000
M1,221,3.6833,720.50,161.00,0.255881,-0.057718,1.0000
M1,222,3.7000,718.50,160.00,0.257033,-0.058339,1.0000
M1,223,3.7167,715.50,160.00,0.258788,-0.058392,1.0000
M1,224,3.7333,713.50,160.00,0.259959,-0.058427,1.0000
M1,225,3.7500,709.50,160.00,0.262299,-0.058498,1.0000
M1,226,3.7667,707.50,160.00,0.263469,-0.058533,1.0000
M1,227,3.7833,704.50,159.00,0.265206,-0.059172,1.0000
M1,228,3.8000,703.50,159.00,0.265791,-0.059189,1.0000
M1,229,3.8167,699.50,160.00,0.268149,-0.058675,1.0000
M1,230,3.8333,695.50,160.00,0.270489,-0.058746,1.0000
M1,231,3.8500,693.50,160.00,0.271659,-0.058781,1.0000
M1,232,3.8667,690.50,160.00,0.273415,-0.058834,1.0000
M1,233,3.8833,687.50,158.00,0.275134,-0.060058,1.0000
M1,234,3.9000,684.50,159.00,0.276907,-0.059526,1.0000
M1,235,3.9167,682.50,159.00,0.278077,-0.059561,1.0000
M1,236,3.9333,680.50,159.00,0.279247,-0.059597,1.0000
M1,237,3.9500,678.50,158.00,0.280400,-0.060217,1.0000
M1,238,3.9667,676.50,158.00,0.281570,-0.060252,1.0000
M1,239,3.9833,672.50,157.00,0.283892,-0.060908,1.0000
M1,240,4.0000,669.50,156.00,0.285630,-0.061547,1.0000
M1,241,4.0167,667.50,156.00,0.286800,-0.061582,1.0000
M1,242,4.0333,664.50,156.00,0.288555,-0.061635,1.0000
M1,243,4.0500,662.50,155.00,0.289707,-0.062256,1.0000
M1,244,4.0667,659.50,155.00,0.291462,-0.062309,1.0000
M1,245,4.0833,657.50,154.00,0.292615,-0.062929,1.0000
M1,246,4.1000,654.50,154.00,0.294370,-0.062982,1.0000
M1,247,4.1167,651.50,154.00,0.296125,-0.063035,1.0000
M1,248,4.1333,648.50,154.00,0.297880,-0.063088,1.0000
M1,249,4.1500,646.50,154.00,0.299050,-0.063124,1.0000
M1,250,4.1667,644.50,153.00,0.300203,-0.063744,1.0000
M1,251,4.1833,641.50,154.00,0.301975,-0.063212,1.0000
M1,252,4.2000,638.50,153.00,0.303713,-0.063851,1.0000
M1,253,4.2167,636.50,153.00,0.304883,-0.063886,1.0000
M1,254,4.2333,633.50,152.00,0.306620,-0.064524,1.0000
M1,255,4.2500,630.50,152.00,0.308376,-0.064577,1.0000
M1,256,4.2667,627.50,152.00,0.310131,-0.064630,1.0000
M1,257,4.2833,625.50,152.00,0.311301,-0.064666,1.0000
M1,258,4.3000,623.50,151.00,0.312453,-0.065286,1.0000
M1,259,4.3167,620.50,151.00,0.314208,-0.065339,1.0000
M1,260,4.3333,617.50,151.00,0.315963,-0.065393,1.0000
M1,261,4.3500,614.50,151.00,0.317719,-0.065446,1.0000
M1,262,4.3667,612.50,150.00,0.318871,-0.066066,1.0000
M2,0,0.0000,786.00,217.50,0.218561,-0.023503,1.0000
M2,1,0.0167,786.00,217.50,0.218561,-0.023503,1.0000
M2,2,0.0333,787.00,218.50,0.217994,-0.022901,1.0000
M2,3,0.0500,786.00,218.50,0.218579,-0.022918,1.0000
M2,4,0.0667,787.00,218.50,0.217994,-0.022901,1.0000
M2,5,0.0833,786.00,218.50,0.218579,-0.022918,1.0000
M2,6,0.1000,787.00,218.50,0.217994,-0.022901,1.0000
M2,7,0.1167,787.00,218.50,0.217994,-0.022901,1.0000
M2,8,0.1333,787.00,217.50,0.217976,-0.023486,1.0000
M2,9,0.1500,787.00,217.50,0.217976,-0.023486,1.0000
M2,10,0.1667,787.00,218.50,0.217994,-0.022901,1.0000
M2,11,0.1833,787.00,218.50,0.217994,-0.022901,1.0000
M2,12,0.2000,787.00,218.50,0.217994,-0.022901,1.0000
M2,13,0.2167,787.00,218.50,0.217994,-0.022901,1.0000
M2,14,0.2333,787.00,218.50,0.217994,-0.022901,1.0000
M2,15,0.2500,787.00,218.50,0.217994,-0.022901,1.0000
M2,16,0.2667,787.00,218.50,0.217994,-0.022901,1.0000
M2,17,0.2833,787.00,218.50,0.217994,-0.022901,1.0000
M2,18,0.3000,787.00,218.50,0.217994,-0.022901,1.0000
M2,19,0.3167,787.00,218.50,0.217994,-0.022901,1.0000
M2,20,0.3333,787.00,218.50,0.217994,-0.022901,1.0000
M2,21,0.3500,787.00,218.50,0.217994,-0.022901,1.0000
M2,22,0.3667,787.00,218.50,0.217994,-0.022901,1.0000
M2,23,0.3833,788.00,218.50,0.217409,-0.022883,1.0000
M2,24,0.4000,788.00,218.50,0.217409,-0.022883,1.0000
M2,25,0.4167,788.00,218.50,0.217409,-0.022883,1.0000
M2,26,0.4333,788.00,218.50,0.217409,-0.022883,1.0000
M2,27,0.4500,789.00,218.50,0.216824,-0.022865,1.0000
M2,28,0.4667,788.00,218.50,0.217409,-0.022883,1.0000
M2,29,0.4833,789.00,218.50,0.216824,-0.022865,1.0000
M2,30,0.5000,788.00,219.50,0.217426,-0.022298,1.0000
M2,31,0.5167,789.00,218.50,0.216824,-0.022865,1.0000
M2,32,0.5333,789.00,218.50,0.216824,-0.022865,1.0000
M2,33,0.5500,789.00,218.50,0.216824,-0.022865,1.0000
M2,34,0.5667,789.00,218.50,0.216824,-0.022865,1.0000
M2,35,0.5833,789.00,218.50,0.216824,-0.022865,1.0000
M2,36,0.6000,789.00,218.50,0.216824,-0.022865,1.0000
M2,37,0.6167,789.00,218.50,0.216824,-0.022865,1.0000
M2,38,0.6333,789.00,218.50,0.216824,-0.022865,1.0000
M2,39,0.6500,789.00,218.50,0.216824,-0.022865,1.0000
M2,40,0.6667,789.00,218.50,0.216824,-0.022865,1.0000
M2,41,0.6833,789.00,218.50,0.216824,-0.022865,1.0000
M2,42,0.7000,789.00,218.50,0.216824,-0.022865,1.0000
M2,43,0.7167,789.00,218.50,0.216824,-0.022865,1.0000
M2,44,0.7333,789.00,218.50,0.216824,-0.022865,1.0000
M2,45,0.7500,789.00,218.50,0.216824,-0.022865,1.0000
M2,46,0.7667,789.00,219.50,0.216841,-0.022280,1.0000
M2,47,0.7833,789.00,218.50,0.216824,-0.022865,1.0000
M2,48,0.8000,789.00,218.50,0.216824,-0.022865,1.0000
M2,49,0.8167,789.00,218.50,0.216824,-0.022865,1.0000
M2,50,0.8333,789.00,219.50,0.216841,-0.022280,1.0000
M2,51,0.8500,791.00,219.50,0.215671,-0.022245,1.0000
M2,52,0.8667,791.00,219.50,0.215671,-0.022245,1.0000
M2,53,0.8833,789.00,220.50,0.216859,-0.021695,1.0000
M2,54,0.9000,789.00,220.50,0.216859,-0.021695,1.0000
M2,55,0.9167,789.00,220.50,0.216859,-0.021695,1.0000
M2,56,0.9333,789.00,220.50,0.216859,-0.021695,1.0000
M2,57,0.9500,789.00,220.50,0.216859,-0.021695,1.0000
M2,58,0.9667,789.00,221.50,0.216877,-0.021110,1.0000
M2,59,0.9833,789.00,221.50,0.216877,-0.021110,1.0000
M2,60,1.0000,789.00,221.50,0.216877,-0.021110,1.0000
M2,61,1.0167,789.00,221.50,0.216877,-0.021110,1.0000
M2,62,1.0333,789.00,222.50,0.216894,-0.020525,1.0000
M2,63,1.0500,789.00,222.50,0.216894,-0.020525,1.0000
M2,64,1.0667,789.00,222.50,0.216894,-0.020525,1.0000
M2,65,1.0833,789.00,222.50,0.216894,-0.020525,1.0000
M2,66,1.1000,789.00,222.50,0.216894,-0.020525,1.0000
M2,67,1.1167,788.00,222.50,0.217479,-0.020543,1.0000
M2,68,1.1333,788.00,220.50,0.217444,-0.021713,1.0000
M2,69,1.1500,788.00,220.50,0.217444,-0.021713,1.0000
M2,70,1.1667,788.00,220.50,0.217444,-0.021713,1.0000
M2,71,1.1833,788.00,220.50,0.217444,-0.021713,1.0000
M2,72,1.2000,789.00,222.50,0.216894,-0.020525,1.0000
M2,73,1.2167,789.00,222.50,0.216894,-0.020525,1.0000
M2,74,1.2333,788.00,221.50,0.217462,-0.021128,1.0000
M2,75,1.2500,789.00,222.50,0.216894,-0.020525,1.0000
M2,76,1.2667,789.00,222.50,0.216894,-0.020525,1.0000
M2,77,1.2833,789.00,222.50,0.216894,-0.020525,1.0000
M2,78,1.3000,789.00,222.50,0.216894,-0.020525,1.0000
M2,79,1.3167,789.00,222.50,0.216894,-0.020525,1.0000
M2,80,1.3333,789.00,222.50,0.216894,-0.020525,1.0000
M2,81,1.3500,789.00,222.50,0.216894,-0.020525,1.0000
M2,82,1.3667,789.00,222.50,0.216894,-0.020525,1.0000
M2,83,1.3833,788.00,220.50,0.217444,-0.021713,1.0000
M2,84,1.4000,789.00,221.50,0.216877,-0.021110,1.0000
M2,85,1.4167,789.00,221.50,0.216877,-0.021110,1.0000
M2,86,1.4333,789.00,220.50,0.216859,-0.021695,1.0000
M2,87,1.4500,789.00,220.50,0.216859,-0.021695,1.0000
M2,88,1.4667,789.00,220.50,0.216859,-0.021695,1.0000
M2,89,1.4833,789.00,220.50,0.216859,-0.021695,1.0000
M2,90,1.5000,789.00,220.50,0.216859,-0.021695,1.0000
M2,91,1.5167,789.00,218.50,0.216824,-0.022865,1.0000
M2,92,1.5333,789.00,218.50,0.216824,-0.022865,1.0000
M2,93,1.5500,789.00,217.50,0.216806,-0.023450,1.0000
M2,94,1.5667,789.00,216.50,0.216788,-0.024035,1.0000
M2,95,1.5833,789.00,216.50,0.216788,-0.024035,1.0000
M2,96,1.6000,789.00,216.50,0.216788,-0.024035,1.0000
M2,97,1.6167,788.00,216.50,0.217373,-0.024053,1.0000
M2,98,1.6333,789.00,215.50,0.216770,-0.024620,1.0000
M2,99,1.6500,789.00,214.50,0.216753,-0.025205,1.0000
M2,100,1.6667,789.00,214.50,0.216753,-0.025205,1.0000
M2,101,1.6833,789.00,214.50,0.216753,-0.025205,1.0000
M2,102,1.7000,789.00,213.50,0.216735,-0.025790,1.0000
M2,103,1.7167,789.00,214.50,0.216753,-0.025205,1.0000
M2,104,1.7333,788.00,213.50,0.217320,-0.025808,1.0000
M2,105,1.7500,788.00,213.50,0.217320,-0.025808,1.0000
M2,106,1.7667,788.00,212.50,0.217302,-0.026393,1.0000
M2,107,1.7833,788.00,213.50,0.217320,-0.025808,1.0000
M2,108,1.8000,788.00,212.50,0.217302,-0.026393,1.0000
M2,109,1.8167,788.00,213.50,0.217320,-0.025808,1.0000
M2,110,1.8333,788.00,213.50,0.217320,-0.025808,1.0000
M2,111,1.8500,788.00,214.50,0.217338,-0.025223,1.0000
M2,112,1.8667,788.00,214.50,0.217338,-0.025223,1.0000
M2,113,1.8833,788.00,214.50,0.217338,-0.025223,1.0000
M2,114,1.9000,788.00,214.50,0.217338,-0.025223,1.0000
M2,115,1.9167,788.00,214.50,0.217338,-0.025223,1.0000
M2,116,1.9333,788.00,214.50,0.217338,-0.025223,1.0000
M2,117,1.9500,788.00,214.50,0.217338,-0.025223,1.0000
M2,118,1.9667,788.00,214.50,0.217338,-0.025223,1.0000
M2,119,1.9833,788.00,214.50,0.217338,-0.025223,1.0000
M2,120,2.0000,788.00,214.50,0.217338,-0.025223,1.0000
M2,121,2.0167,788.00,214.50,0.217338,-0.025223,1.0000
M2,122,2.0333,788.00,214.50,0.217338,-0.025223,1.0000
M2,123,2.0500,788.00,214.50,0.217338,-0.025223,1.0000
M2,124,2.0667,788.00,213.50,0.217320,-0.025808,1.0000
M2,125,2.0833,788.00,212.50,0.217302,-0.026393,1.0000
M2,126,2.1000,788.00,212.50,0.217302,-0.026393,1.0000
M2,127,2.1167,787.00,212.50,0.217887,-0.026411,1.0000
M2,128,2.1333,787.00,210.50,0.217852,-0.027581,1.0000
M2,129,2.1500,786.00,212.50,0.218472,-0.026429,1.0000
M2,130,2.1667,787.00,212.50,0.217887,-0.026411,1.0000
M2,131,2.1833,787.00,210.50,0.217852,-0.027581,1.0000
M2,132,2.2000,788.00,210.50,0.217267,-0.027563,1.0000
M2,133,2.2167,788.00,208.50,0.217232,-0.028733,1.0000
M2,134,2.2333,788.00,210.50,0.217267,-0.027563,1.0000
M2,135,2.2500,788.00,208.50,0.217232,-0.028733,1.0000
M2,136,2.2667,789.00,208.50,0.216646,-0.028716,1.0000
M2,137,2.2833,788.00,206.50,0.217196,-0.029903,1.0000
M2,138,2.3000,788.00,207.50,0.217214,-0.029318,1.0000
M2,139,2.3167,788.00,208.50,0.217232,-0.028733,1.0000
M2,140,2.3333,788.00,208.50,0.217232,-0.028733,1.0000
M2,141,2.3500,788.00,208.50,0.217232,-0.028733,1.0000
M2,142,2.3667,788.00,208.50,0.217232,-0.028733,1.0000
M2,143,2.3833,788.00,208.50,0.217232,-0.028733,1.0000
M2,144,2.4000,788.00,208.50,0.217232,-0.028733,1.0000
M2,145,2.4167,788.00,208.50,0.217232,-0.028733,1.0000
M2,146,2.4333,788.00,208.50,0.217232,-0.028733,1.0000
M2,147,2.4500,787.00,209.50,0.217834,-0.028166,1.0000
M2,148,2.4667,788.00,208.50,0.217232,-0.028733,1.0000
M2,149,2.4833,788.00,208.50,0.217232,-0.028733,1.0000
M2,150,2.5000,787.00,210.50,0.217852,-0.027581,1.0000
M2,151,2.5167,787.00,210.50,0.217852,-0.027581,1.0000
M2,152,2.5333,786.00,208.50,0.218402,-0.028769,1.0000
M2,153,2.5500,786.00,208.50,0.218402,-0.028769,1.0000
M2,154,2.5667,786.00,208.50,0.218402,-0.028769,1.0000
M2,155,2.5833,786.00,208.50,0.218402,-0.028769,1.0000
M2,156,2.6000,786.00,208.50,0.218402,-0.028769,1.0000
M2,157,2.6167,784.00,208.50,0.219572,-0.028804,1.0000
M2,158,2.6333,787.00,208.50,0.217817,-0.028751,1.0000
M2,159,2.6500,784.00,208.50,0.219572,-0.028804,1.0000
M2,160,2.6667,784.00,207.50,0.219554,-0.029389,1.0000
M2,161,2.6833,783.00,208.50,0.220157,-0.028822,1.0000
M2,162,2.7000,783.00,208.50,0.220157,-0.028822,1.0000
M2,163,2.7167,782.00,208.50,0.220742,-0.028840,1.0000
M2,164,2.7333,780.00,208.50,0.221912,-0.028875,1.0000
M2,165,2.7500,778.00,208.50,0.223082,-0.028910,1.0000
M2,166,2.7667,776.00,208.50,0.224252,-0.028946,1.0000
M2,167,2.7833,774.00,208.50,0.225422,-0.028981,1.0000
M2,168,2.8000,771.00,208.50,0.227177,-0.029034,1.0000
M2,169,2.8167,768.00,208.50,0.228932,-0.029087,1.0000
M2,170,2.8333,766.00,208.50,0.230103,-0.029123,1.0000
M2,171,2.8500,764.00,208.50,0.231273,-0.029158,1.0000
M2,172,2.8667,760.00,208.50,0.233613,-0.029229,1.0000
M2,173,2.8833,757.00,208.50,0.235368,-0.029282,1.0000
M2,174,2.9000,754.00,208.50,0.237123,-0.029335,1.0000
M2,175,2.9167,750.00,208.50,0.239463,-0.029406,1.0000
M2,176,2.9333,746.00,208.50,0.241803,-0.029477,1.0000
M2,177,2.9500,744.00,208.50,0.242973,-0.029512,1.0000
M2,178,2.9667,741.00,208.50,0.244729,-0.029566,1.0000
M2,179,2.9833,736.00,208.50,0.247654,-0.029654,1.0000
M2,180,3.0000,734.00,208.50,0.248824,-0.029689,1.0000
M2,181,3.0167,730.00,208.50,0.251164,-0.029760,1.0000
M2,182,3.0333,728.00,208.50,0.252334,-0.029796,1.0000
M2,183,3.0500,724.00,208.50,0.254674,-0.029867,1.0000
M2,184,3.0667,719.00,208.50,0.257600,-0.029955,1.0000
M2,185,3.0833,717.00,208.50,0.258770,-0.029991,1.0000
M2,186,3.1000,714.00,208.50,0.260525,-0.030044,1.0000
M2,187,3.1167,710.00,208.50,0.262865,-0.030114,1.0000
M2,188,3.1333,706.00,208.50,0.265205,-0.030185,1.0000
M2,189,3.1500,703.00,208.50,0.266960,-0.030238,1.0000
M2,190,3.1667,701.00,208.50,0.268130,-0.030274,1.0000
M2,191,3.1833,697.00,208.50,0.270471,-0.030345,1.0000
M2,192,3.2000,695.00,208.50,0.271641,-0.030380,1.0000
M2,193,3.2167,690.00,208.50,0.274566,-0.030469,1.0000
M2,194,3.2333,687.00,206.50,0.276286,-0.031692,1.0000
M2,195,3.2500,683.00,206.50,0.278626,-0.031763,1.0000
M2,196,3.2667,681.00,207.50,0.279814,-0.031213,1.0000
M2,197,3.2833,677.00,206.50,0.282136,-0.031869,1.0000
M2,198,3.3000,675.00,206.50,0.283306,-0.031904,1.0000
M2,199,3.3167,671.00,206.50,0.285646,-0.031975,1.0000
M2,200,3.3333,669.00,206.50,0.286816,-0.032011,1.0000
M2,201,3.3500,665.00,206.50,0.289157,-0.032081,1.0000
M2,202,3.3667,663.00,206.50,0.290327,-0.032117,1.0000
M2,203,3.3833,659.00,206.50,0.292667,-0.032188,1.0000
M2,204,3.4000,657.00,206.50,0.293837,-0.032223,1.0000
M2,205,3.4167,654.00,205.50,0.295574,-0.032861,1.0000
M2,206,3.4333,651.00,206.50,0.297347,-0.032329,1.0000
M2,207,3.4500,647.00,205.50,0.299670,-0.032985,1.0000
M2,208,3.4667,645.00,205.50,0.300840,-0.033021,1.0000
M2,209,3.4833,642.00,205.50,0.302595,-0.033074,1.0000
M2,210,3.5000,639.00,204.50,0.304332,-0.033712,1.0000
M2,211,3.5167,636.00,204.50,0.306087,-0.033765,1.0000
M2,212,3.5333,634.00,204.50,0.307258,-0.033800,1.0000
M2,213,3.5500,631.00,204.50,0.309013,-0.033854,1.0000
M2,214,3.5667,628.00,205.50,0.310786,-0.033322,1.0000
M2,215,3.5833,626.00,205.50,0.311956,-0.033357,1.0000
M2,216,3.6000,623.00,205.50,0.313711,-0.033410,1.0000
M2,217,3.6167,620.00,205.50,0.315466,-0.033463,1.0000
M2,218,3.6333,616.00,204.50,0.317788,-0.034119,1.0000
M2,219,3.6500,614.00,204.50,0.318958,-0.034155,1.0000
M2,220,3.6667,612.00,204.50,0.320129,-0.034190,1.0000
M2,221,3.6833,609.00,205.50,0.321901,-0.033658,1.0000
M2,222,3.7000,606.00,205.50,0.323657,-0.033711,1.0000
M2,223,3.7167,603.00,205.50,0.325412,-0.033764,1.0000
M2,224,3.7333,600.00,204.50,0.327149,-0.034403,1.0000
M2,225,3.7500,597.00,204.50,0.328904,-0.034456,1.0000
M2,226,3.7667,594.00,204.50,0.330659,-0.034509,1.0000
M2,227,3.7833,592.00,204.50,0.331829,-0.034544,1.0000
M2,228,3.8000,588.00,204.50,0.334170,-0.034615,1.0000
M2,229,3.8167,585.00,204.50,0.335925,-0.034668,1.0000
M2,230,3.8333,582.00,204.50,0.337680,-0.034721,1.0000
M2,231,3.8500,580.00,204.50,0.338850,-0.034757,1.0000
M2,232,3.8667,578.00,204.50,0.340020,-0.034792,1.0000
M2,233,3.8833,574.00,204.50,0.342360,-0.034863,1.0000
M2,234,3.9000,572.00,204.50,0.343530,-0.034898,1.0000
M2,235,3.9167,569.00,204.50,0.345285,-0.034951,1.0000
M2,236,3.9333,566.00,204.50,0.347041,-0.035005,1.0000
M2,237,3.9500,562.00,204.50,0.349381,-0.035075,1.0000
M2,238,3.9667,559.00,204.50,0.351136,-0.035129,1.0000
M2,239,3.9833,556.00,204.50,0.352891,-0.035182,1.0000
M2,240,4.0000,554.00,204.50,0.354061,-0.035217,1.0000
M2,241,4.0167,551.00,204.50,0.355816,-0.035270,1.0000
M2,242,4.0333,548.00,204.50,0.357571,-0.035323,1.0000
M2,243,4.0500,546.00,204.50,0.358742,-0.035359,1.0000
M2,244,4.0667,544.00,204.50,0.359912,-0.035394,1.0000
M2,245,4.0833,540.00,204.50,0.362252,-0.035465,1.0000
M2,246,4.1000,538.00,204.50,0.363422,-0.035500,1.0000
M2,247,4.1167,536.00,204.50,0.364592,-0.035536,1.0000
M2,248,4.1333,534.00,204.50,0.365762,-0.035571,1.0000
M2,249,4.1500,531.00,204.50,0.367517,-0.035624,1.0000
M2,250,4.1667,529.00,204.50,0.368687,-0.035660,1.0000
M2,251,4.1833,525.00,204.50,0.371027,-0.035731,1.0000
M2,252,4.2000,524.00,204.50,0.371613,-0.035748,1.0000
M2,253,4.2167,522.00,205.50,0.372800,-0.035199,1.0000
M2,254,4.2333,520.00,205.50,0.373970,-0.035234,1.0000
M2,255,4.2500,517.00,205.50,0.375726,-0.035287,1.0000
M2,256,4.2667,514.00,204.50,0.377463,-0.035925,1.0000
M2,257,4.2833,511.00,205.50,0.379236,-0.035394,1.0000
M2,258,4.3000,508.00,204.50,0.380973,-0.036032,1.0000
M2,259,4.3167,507.00,204.50,0.381558,-0.036049,1.0000
M2,260,4.3333,504.00,204.50,0.383313,-0.036103,1.0000
M2,261,4.3500,503.00,204.50,0.383898,-0.036120,1.0000
M2,262,4.3667,500.00,205.50,0.385671,-0.035588,1.0000
